City_ID,City,Country,Date,Lat,Lng,Max Temp,Humidity,Cloudiness,Wind Speed
0,Hualmay,PE,2021-08-14 22:15:57,-11.0964,-77.6139,64.54,76,46,11.21
1,East London,ZA,2021-08-14 22:15:57,-33.0153,27.9116,58.78,69,100,6.98
2,Saint-Augustin,CA,2021-08-14 22:15:58,51.226,-58.6502,67.73,85,34,7.72
3,Bluff,NZ,2021-08-14 22:15:58,-46.6,168.3333,48.79,77,99,20.74
4,Norman Wells,CA,2021-08-14 22:15:58,65.282,-126.8329,57.24,72,90,8.05
5,Rikitea,PF,2021-08-14 22:12:32,-23.1203,-134.9692,74.59,82,44,18.9
6,Kapaa,US,2021-08-14 22:15:59,22.0752,-159.319,86.32,66,20,4.0
7,Mataura,NZ,2021-08-14 22:15:59,-46.1927,168.8643,48.47,78,90,5.84
8,Ponta Do Sol,PT,2021-08-14 22:16:00,32.6667,-17.1,78.71,69,43,1.88
9,Punta Arenas,CL,2021-08-14 22:16:00,-53.15,-70.9167,39.31,100,90,6.91
10,Ilheus,BR,2021-08-14 22:16:00,-14.7889,-39.0494,75.02,78,20,9.22
11,Bredasdorp,ZA,2021-08-14 22:16:01,-34.5322,20.0403,50.29,87,0,2.3
12,Arraial Do Cabo,BR,2021-08-14 22:16:01,-22.9661,-42.0278,67.42,84,100,12.01
13,Nuevo Progreso,MX,2021-08-14 22:16:01,23.1667,-97.95,92.59,54,29,12.66
14,Omsukchan,RU,2021-08-14 22:16:01,62.5333,155.8,65.48,53,94,10.94
15,Hobart,AU,2021-08-14 22:13:04,-42.8794,147.3294,56.26,54,0,10.0
16,Cabo San Lucas,MX,2021-08-14 22:15:52,22.8909,-109.9124,95.61,70,40,9.22
17,Jamestown,US,2021-08-14 22:12:24,42.097,-79.2353,75.09,53,1,4.0
18,Padang,ID,2021-08-14 22:16:02,-0.9492,100.3543,76.39,92,100,4.45
19,Mahebourg,MU,2021-08-14 22:16:02,-20.4081,57.7,70.09,88,75,13.8
20,Ushuaia,AR,2021-08-14 22:15:36,-54.8,-68.3,35.26,75,0,4.61
21,Karratha,AU,2021-08-14 22:16:03,-20.7377,116.8463,69.62,47,27,5.77
22,Albany,US,2021-08-14 22:16:03,42.6001,-73.9662,79.63,57,18,1.01
23,Thatta,PK,2021-08-14 22:16:03,24.7475,67.9235,80.62,75,100,19.39
24,Puerto Ayora,EC,2021-08-14 22:16:04,-0.7393,-90.3518,76.96,91,70,8.01
25,Lavrentiya,RU,2021-08-14 22:16:04,65.5833,-171.0,53.02,78,90,11.34
26,Bengkulu,ID,2021-08-14 22:16:04,-3.8004,102.2655,75.24,88,84,4.41
27,Castro,BR,2021-08-14 22:16:05,-24.7911,-50.0119,53.74,95,40,4.27
28,Bundaberg,AU,2021-08-14 22:16:05,-24.85,152.35,62.89,88,5,8.05
29,Inhambane,MZ,2021-08-14 22:15:20,-23.865,35.3833,65.37,69,83,11.3
30,Honningsvag,NO,2021-08-14 22:16:05,70.9821,25.9704,47.88,72,74,6.55
31,Darnah,LY,2021-08-14 22:16:06,32.767,22.6367,78.91,66,0,21.25
32,Qaanaaq,GL,2021-08-14 22:16:06,77.484,-69.3632,40.82,97,100,1.74
33,Abha,SA,2021-08-14 22:16:06,18.2164,42.5053,70.05,24,0,0.0
34,Saint-Philippe,RE,2021-08-14 22:16:07,-21.3585,55.7679,69.39,79,94,15.41
35,Huarmey,PE,2021-08-14 22:16:07,-10.0681,-78.1522,65.32,77,37,12.21
36,Komsomolskiy,UZ,2021-08-14 22:16:07,40.4272,71.7189,75.92,27,40,16.11
37,New Norfolk,AU,2021-08-14 22:16:08,-42.7826,147.0587,56.91,56,82,5.01
38,Ribeira Grande,PT,2021-08-14 22:16:08,38.5167,-28.7,72.0,83,40,0.0
39,Sibu,MY,2021-08-14 22:16:08,2.3,111.8167,73.71,94,40,2.3
40,Champerico,GT,2021-08-14 22:16:09,14.3,-91.9167,90.14,74,100,9.4
41,Hilo,US,2021-08-14 22:13:12,19.7297,-155.09,83.93,61,40,9.22
42,Kudahuvadhoo,MV,2021-08-14 22:16:09,2.6708,72.8944,81.25,76,100,17.96
43,Albemarle,US,2021-08-14 22:16:09,35.3501,-80.2001,79.32,91,90,4.61
44,Georgetown,MY,2021-08-14 22:14:19,5.4112,100.3354,77.9,92,20,0.0
45,Hithadhoo,MV,2021-08-14 22:16:10,-0.6,73.0833,81.82,75,100,16.87
46,Saint George,US,2021-08-14 22:11:22,37.1041,-113.5841,104.79,22,1,1.01
47,Hamilton,US,2021-08-14 22:15:00,39.1834,-84.5333,84.15,48,1,3.0
48,Cherskiy,RU,2021-08-14 22:16:10,68.75,161.3,44.83,74,100,12.82
49,Nelson Bay,AU,2021-08-14 22:11:51,-32.7167,152.15,54.95,99,10,6.67
50,Thompson,CA,2021-08-14 22:16:11,55.7435,-97.8558,84.36,45,40,13.8
51,Kobryn,BY,2021-08-14 22:16:11,52.2138,24.3564,64.47,92,27,1.07
52,Osypenko,UA,2021-08-14 22:16:11,46.9136,36.8253,67.46,85,100,16.73
53,Sept-Iles,CA,2021-08-14 22:11:30,50.2001,-66.3821,66.72,99,90,2.3
54,Yar-Sale,RU,2021-08-14 22:16:12,66.8333,70.8333,60.22,77,75,17.11
55,Busselton,AU,2021-08-14 22:16:12,-33.65,115.3333,38.08,88,0,7.43
56,Tuktoyaktuk,CA,2021-08-14 22:16:12,69.4541,-133.0374,57.2,67,75,12.66
57,Grindavik,IS,2021-08-14 22:16:13,63.8424,-22.4338,53.55,93,75,12.66
58,Awbari,LY,2021-08-14 22:16:13,26.5921,12.7805,83.44,24,0,7.29
59,Butaritari,KI,2021-08-14 22:16:13,3.0707,172.7902,81.3,76,100,8.5
60,Tapejara,BR,2021-08-14 22:16:14,-28.0681,-52.0139,56.5,91,94,2.44
61,Nhulunbuy,AU,2021-08-14 22:16:14,-12.2333,136.7667,79.41,78,90,10.36
62,Kruisfontein,ZA,2021-08-14 22:16:14,-34.0033,24.7314,50.88,86,26,3.11
63,Pimentel,PE,2021-08-14 22:16:15,-6.8367,-79.9342,68.29,82,75,5.99
64,Khatanga,RU,2021-08-14 22:16:15,71.9667,102.5,51.06,68,80,5.7
65,Omboue,GA,2021-08-14 22:16:15,-1.5746,9.2618,76.01,88,100,9.6
66,Yellowknife,CA,2021-08-14 22:14:13,62.456,-114.3525,54.46,91,100,17.2
67,Dhenkanal,IN,2021-08-14 22:16:16,20.6667,85.6,78.58,82,100,1.45
68,Celestun,MX,2021-08-14 22:16:16,20.8667,-90.4,85.69,69,7,14.12
69,Tobermory,CA,2021-08-14 22:11:21,45.2501,-81.6665,68.31,59,0,15.73
70,Bonga,ET,2021-08-14 22:16:13,7.2833,36.2333,57.92,99,79,1.28
71,Airai,TL,2021-08-14 22:16:16,-8.9266,125.4092,54.54,63,5,3.62
72,Nacala,MZ,2021-08-14 22:16:17,-14.5428,40.6728,71.47,78,0,10.83
73,Banda Aceh,ID,2021-08-14 22:16:17,5.5577,95.3222,78.66,80,100,14.14
74,Cumberland,US,2021-08-14 22:13:19,35.0502,-78.8664,93.63,55,1,11.5
75,Hofn,IS,2021-08-14 22:16:17,64.2539,-15.2082,50.09,90,100,9.42
76,Bajil,YE,2021-08-14 22:16:18,15.0584,43.2851,93.34,44,77,0.58
77,Santana Do Paraiso,BR,2021-08-14 22:16:18,-19.3636,-42.5686,62.92,82,0,1.14
78,Atuona,PF,2021-08-14 22:14:52,-9.8,-139.0333,78.67,80,26,20.13
79,Dalvik,IS,2021-08-14 22:16:18,65.9702,-18.5286,48.13,83,79,1.86
80,Pedro Juan Caballero,PY,2021-08-14 22:16:19,-22.5472,-55.7333,69.15,50,16,4.81
81,Kurdzhinovo,RU,2021-08-14 22:16:19,43.9884,40.9552,59.83,96,100,3.69
82,Kavieng,PG,2021-08-14 22:16:19,-2.5744,150.7967,83.86,74,14,13.8
83,Bilma,NE,2021-08-14 22:16:20,18.6853,12.9164,94.69,23,38,7.99
84,Palana,RU,2021-08-14 22:16:20,59.1167,159.9667,52.66,80,100,21.63
85,Talara,PE,2021-08-14 22:14:57,-4.5772,-81.2719,72.36,73,0,12.66
86,Vaini,TO,2021-08-14 22:16:21,-21.2,-175.2,71.76,68,20,11.5
87,Pueblo Nuevo,MX,2021-08-14 22:16:21,23.3833,-105.3833,68.16,75,32,2.42
88,Ngunguru,NZ,2021-08-14 22:16:21,-35.6167,174.5,56.16,64,5,7.11
89,Avarua,CK,2021-08-14 22:16:22,-21.2078,-159.775,73.45,78,75,5.75
90,Cedar Lake,US,2021-08-14 22:16:22,41.3648,-87.4411,81.63,47,99,6.26
91,Vila Velha,BR,2021-08-14 22:16:22,-20.3297,-40.2925,73.35,73,0,3.44
92,Chimbarongo,CL,2021-08-14 22:16:23,-34.7,-71.05,57.58,45,100,2.13
93,Aitape,PG,2021-08-14 22:16:23,-3.1374,142.3475,78.64,85,89,4.18
94,Kaniama,CD,2021-08-14 22:16:23,-7.5667,24.1833,79.68,24,98,4.7
95,Gunjur,GM,2021-08-14 22:16:24,13.2019,-16.7339,77.07,94,75,5.75
96,Bethel,US,2021-08-14 22:12:17,41.3712,-73.414,87.12,71,1,9.22
97,Katsuura,JP,2021-08-14 22:16:24,35.1333,140.3,75.22,92,100,19.84
98,Geraldton,AU,2021-08-14 22:16:24,-28.7667,114.6,45.01,81,0,6.91
99,Bustamante,MX,2021-08-14 22:16:25,26.5333,-100.5,94.91,32,6,17.34
100,Marienburg,PL,2021-08-14 22:16:25,54.0359,19.0266,67.66,61,60,8.25
101,Hermanus,ZA,2021-08-14 22:16:25,-34.4187,19.2345,52.9,80,0,11.01
102,Laramie,US,2021-08-14 22:16:26,41.3114,-105.5911,87.96,18,1,1.99
103,Inirida,CO,2021-08-14 22:16:26,3.8653,-67.9239,74.01,96,97,1.39
104,Cape Town,ZA,2021-08-14 22:16:26,-33.9258,18.4232,53.11,80,0,1.99
105,Sabha,LY,2021-08-14 22:16:26,27.0377,14.4283,84.29,28,0,16.51
106,Narsaq,GL,2021-08-14 22:16:27,60.9167,-46.05,50.22,89,100,2.75
107,Soyo,AO,2021-08-14 22:16:27,-6.1349,12.3689,73.0,91,28,8.32
108,Oil City,US,2021-08-14 22:16:27,41.4339,-79.7064,79.41,60,1,3.0
109,Broome,US,2021-08-14 22:16:28,42.2506,-75.833,78.71,60,40,1.01
110,Port Alfred,ZA,2021-08-14 22:16:28,-33.5906,26.891,57.47,75,81,10.69
111,Savannah Bight,HN,2021-08-14 22:16:28,16.45,-85.85,87.85,71,71,8.39
112,Wucheng,CN,2021-08-14 22:16:29,29.6008,118.175,74.5,99,100,1.68
113,Saskylakh,RU,2021-08-14 22:16:29,71.9167,114.0833,48.33,63,93,5.06
114,Kodiak,US,2021-08-14 22:16:29,57.79,-152.4072,62.11,45,75,17.27
115,Khandyga,RU,2021-08-14 22:16:30,62.6667,135.6,66.4,67,51,3.6
116,Paamiut,GL,2021-08-14 22:16:30,61.994,-49.6678,44.37,98,100,9.69
117,Upernavik,GL,2021-08-14 22:16:30,72.7868,-56.1549,44.38,97,100,17.9
118,Klaksvik,FO,2021-08-14 22:16:31,62.2266,-6.589,50.92,94,100,7.47
119,Anadyr,RU,2021-08-14 22:16:31,64.75,177.4833,57.7,82,40,17.9
120,Saint-Francois,FR,2021-08-14 22:16:31,46.4154,3.9054,76.17,87,0,3.44
121,Karatau,KZ,2021-08-14 22:16:32,43.1667,70.4667,60.22,66,0,4.25
122,Kaka,TM,2021-08-14 22:16:32,37.3482,59.6143,74.21,24,0,2.37
123,Pundaguitan,PH,2021-08-14 22:16:32,6.3711,126.1689,82.71,72,100,6.6
124,Sakakah,SA,2021-08-14 22:16:32,29.9697,40.2064,89.17,19,0,9.13
125,Tulagi,SB,2021-08-14 22:16:33,-9.0996,160.1476,81.88,78,13,21.9
126,Susurluk,TR,2021-08-14 22:16:33,39.9136,28.1578,73.18,78,0,6.42
127,Buckeye,US,2021-08-14 22:15:01,33.3703,-112.5838,97.66,48,96,4.68
128,Mikhaylovka,RU,2021-08-14 22:16:33,50.06,43.2379,67.32,76,100,11.39
129,Tombouctou,ML,2021-08-14 22:16:34,20.0,-3.0,101.01,10,60,6.67
130,Severo-Kurilsk,RU,2021-08-14 22:16:34,50.6789,156.125,56.5,79,21,9.22
131,Vallenar,CL,2021-08-14 22:16:34,-28.5708,-70.7581,67.53,35,50,5.64
132,Kloulklubed,PW,2021-08-14 22:16:35,7.0419,134.2556,77.5,72,89,9.62
133,Moroni,KM,2021-08-14 22:16:35,-11.7022,43.2551,74.61,79,1,12.3
134,Mersing,MY,2021-08-14 22:16:35,2.4312,103.8405,73.31,100,100,3.44
135,Baruun-Urt,MN,2021-08-14 22:16:36,46.6806,113.2792,54.59,91,24,9.04
136,Nikolskoye,RU,2021-08-14 22:16:36,59.7035,30.7861,62.49,98,97,5.82
137,Suez,EG,2021-08-14 22:16:36,29.9737,32.5263,78.1,75,0,9.35
138,Clyde River,CA,2021-08-14 22:16:37,70.4692,-68.5914,41.43,88,100,4.99
139,Hasaki,JP,2021-08-14 22:16:37,35.7333,140.8333,68.4,95,100,3.91
140,Gayeri,BF,2021-08-14 22:16:37,12.6497,0.4931,75.58,83,61,4.52
141,Saldanha,ZA,2021-08-14 22:16:38,-33.0117,17.9442,53.67,65,0,7.02
142,Sao Filipe,CV,2021-08-14 22:16:38,14.8961,-24.4956,75.07,80,73,9.06
143,Port-Gentil,GA,2021-08-14 22:14:14,-0.7193,8.7815,76.73,86,76,14.76
144,Nome,US,2021-08-14 22:16:38,64.5011,-165.4064,48.27,93,90,16.11
145,Sambava,MG,2021-08-14 22:16:39,-14.2667,50.1667,68.16,87,31,12.62
146,Viedma,AR,2021-08-14 22:16:39,-40.8135,-62.9967,50.0,50,0,7.2
147,Port Elizabeth,ZA,2021-08-14 22:16:39,-33.918,25.5701,57.49,82,0,8.05
148,Talnakh,RU,2021-08-14 22:16:40,69.4865,88.3972,52.38,86,100,7.34
149,Pevek,RU,2021-08-14 22:16:40,69.7008,170.3133,36.14,96,100,16.89
150,Ipswich,GB,2021-08-14 22:13:39,52.0592,1.1555,66.4,76,95,7.78
151,Ayan,RU,2021-08-14 22:16:40,56.45,138.1667,66.49,72,46,3.22
152,Darhan,MN,2021-08-14 22:16:41,49.4867,105.9228,60.35,86,17,4.25
153,Okha,RU,2021-08-14 22:16:41,53.5739,142.9478,61.77,71,77,9.75
154,Bhatkal,IN,2021-08-14 22:16:41,13.9667,74.5667,77.25,84,100,6.2
155,Kahului,US,2021-08-14 22:16:42,20.8947,-156.47,85.26,68,40,23.02
156,Egvekinot,RU,2021-08-14 22:16:42,66.3167,-179.1667,50.18,65,77,2.68
157,Provideniya,RU,2021-08-14 22:12:17,64.3833,-173.3,53.42,84,88,6.17
158,Masloc,RO,2021-08-14 22:16:42,45.9981,21.4497,72.57,44,10,6.46
159,Catuday,PH,2021-08-14 22:16:43,16.2923,119.8062,79.95,77,86,3.06
160,Alta Floresta,BR,2021-08-14 22:16:43,-9.8756,-56.0861,85.37,27,75,3.27
161,Tasiilaq,GL,2021-08-14 22:16:43,65.6145,-37.6368,44.76,93,78,5.61
162,Nevsehir,TR,2021-08-14 22:16:44,38.9167,34.6667,61.81,59,40,17.27
163,Beyneu,KZ,2021-08-14 22:16:44,45.3167,55.2,74.12,25,0,7.76
164,Tiksi,RU,2021-08-14 22:16:44,71.6872,128.8694,45.27,72,100,5.26
165,Lacey,US,2021-08-14 22:15:13,47.0343,-122.8232,91.74,48,1,3.44
166,Tuatapere,NZ,2021-08-14 22:16:45,-46.1333,167.6833,48.81,87,100,6.08
167,Churapcha,RU,2021-08-14 22:16:45,62.0025,132.4325,70.2,48,28,5.79
168,Bathsheba,BB,2021-08-14 22:16:45,13.2167,-59.5167,77.61,88,75,5.75
169,Taoudenni,ML,2021-08-14 22:16:46,22.6783,-3.9836,102.74,9,65,4.52
170,Rawson,AR,2021-08-14 22:16:46,-43.3002,-65.1023,49.77,70,91,6.17
171,Victoria,HK,2021-08-14 22:16:46,22.2855,114.1577,82.36,90,100,5.37
172,Tura,IN,2021-08-14 22:16:47,25.5198,90.2201,73.92,98,100,5.21
173,Batemans Bay,AU,2021-08-14 22:16:47,-35.7167,150.1833,48.9,63,99,4.41
174,Port Lincoln,AU,2021-08-14 22:15:13,-34.7333,135.8667,50.67,62,0,9.46
175,Longyearbyen,SJ,2021-08-14 22:16:47,78.2186,15.6401,42.64,81,40,3.44
176,Laguna,US,2021-08-14 22:16:48,38.421,-121.4238,108.21,28,1,1.99
177,Tahe,CN,2021-08-14 22:16:48,52.3333,124.7333,62.56,73,89,1.68
178,Dingle,PH,2021-08-14 22:16:49,10.9995,122.6711,75.83,89,13,1.68
179,Uruzgan,AF,2021-08-14 22:16:49,32.8333,66.0,71.02,17,0,5.79
180,Lebu,CL,2021-08-14 22:16:49,-37.6167,-73.65,48.38,82,100,3.24
181,Harnai,PK,2021-08-14 22:16:50,30.1005,67.9374,85.55,40,0,3.76
182,Aswan,EG,2021-08-14 22:16:50,24.0934,32.907,93.13,17,0,15.66
183,Fairbanks,US,2021-08-14 22:15:34,64.8378,-147.7164,54.1,67,90,3.0
184,High Level,CA,2021-08-14 22:16:50,58.5169,-117.136,75.31,33,75,9.22
185,Dikson,RU,2021-08-14 22:16:51,73.5069,80.5464,49.05,94,100,13.85
186,Tysmenytsya,UA,2021-08-14 22:16:51,48.9022,24.8448,65.01,71,3,4.52
187,San Policarpo,PH,2021-08-14 22:16:52,12.1791,125.5072,77.0,84,38,5.66
188,Nuuk,GL,2021-08-14 22:16:52,64.1835,-51.7216,52.41,82,75,18.41
189,Barrow,US,2021-08-14 22:16:52,71.2906,-156.7887,44.62,93,90,18.41
190,Okhotsk,RU,2021-08-14 22:16:52,59.3833,143.3,60.62,86,45,3.27
191,Praya,CV,2021-08-14 22:16:53,14.9215,-23.5087,77.54,78,20,6.91
192,Acapulco,MX,2021-08-14 22:12:28,16.8634,-99.8901,87.62,74,40,9.22
193,Guerrero Negro,MX,2021-08-14 22:16:53,27.9769,-114.0611,81.9,53,60,17.96
194,Susanville,US,2021-08-14 22:13:41,40.4163,-120.653,98.1,15,1,8.01
195,Myitkyina,MM,2021-08-14 22:16:54,25.3833,97.4,74.98,100,100,1.12
196,Clarence Town,AU,2021-08-14 22:16:54,-32.5833,151.7833,54.81,83,2,3.15
197,Kailua,US,2021-08-14 22:16:54,21.4022,-157.7394,89.58,65,40,13.8
198,Labuhan,ID,2021-08-14 22:16:55,-6.8844,112.2051,75.72,87,77,6.31
199,Henderson,US,2021-08-14 22:14:30,36.0397,-114.9819,107.11,24,1,17.27
200,Vostok,RU,2021-08-14 22:16:55,46.4856,135.8833,59.83,73,41,1.25
201,Mar Del Plata,AR,2021-08-14 22:14:52,-38.0023,-57.5575,48.22,93,0,5.75
202,Mandera,KE,2021-08-14 22:16:56,3.9366,41.867,77.95,59,94,19.73
203,Guiratinga,BR,2021-08-14 22:16:56,-16.3494,-53.7583,80.26,24,2,5.5
204,Beaverlodge,CA,2021-08-14 22:16:56,55.2166,-119.4361,76.35,36,100,25.55
205,Luderitz,NA,2021-08-14 22:16:56,-26.6481,15.1594,63.46,34,0,7.67
206,Ogaminana,NG,2021-08-14 22:16:57,7.5946,6.2248,72.68,96,64,5.41
207,Nouadhibou,MR,2021-08-14 22:16:57,20.931,-17.0347,73.38,83,8,6.91
208,Baherden,TM,2021-08-14 22:16:57,38.4362,57.4316,76.37,22,0,5.77
209,Krasnorechenskiy,RU,2021-08-14 22:16:58,44.6265,135.3532,56.95,81,37,0.87
210,Tautira,PF,2021-08-14 22:16:58,-17.7333,-149.15,82.42,76,51,8.55
211,Launceston,AU,2021-08-14 22:16:58,-41.45,147.1667,52.81,81,75,7.0
212,Hamada,JP,2021-08-14 22:14:16,34.8833,132.0833,73.11,86,98,12.39
213,Sungairaya,ID,2021-08-14 22:16:59,0.7,108.9,76.96,88,96,2.3
214,Lakselv,NO,2021-08-14 22:16:59,70.0513,24.9718,48.74,93,90,8.05
215,Chokurdakh,RU,2021-08-14 22:16:59,70.6333,147.9167,42.19,77,100,13.71
216,Chuy,UY,2021-08-14 22:17:00,-33.6971,-53.4616,54.34,97,98,4.9
217,Kuryk,KZ,2021-08-14 22:17:00,43.2,51.65,80.82,29,1,11.32
218,Pisco,PE,2021-08-14 22:14:42,-13.7,-76.2167,64.02,84,21,7.34
219,Bandarbeyla,SO,2021-08-14 22:17:00,9.4942,50.8122,77.31,80,60,31.34
220,Hobyo,SO,2021-08-14 22:17:01,5.3505,48.5268,76.78,84,26,24.7
221,Rio Branco,BR,2021-08-14 22:17:01,-9.9747,-67.81,86.61,45,0,2.3
222,Gushikawa,JP,2021-08-14 22:17:01,26.3544,127.8686,81.99,94,1,9.22
223,Bubaque,GW,2021-08-14 22:17:02,11.2833,-15.8333,79.02,84,100,13.73
224,Forbes,AU,2021-08-14 22:17:02,-33.3833,148.0167,43.3,85,1,3.44
225,Cervo,ES,2021-08-14 22:17:02,43.6702,-7.4101,67.19,89,46,1.23
226,Carutapera,BR,2021-08-14 22:17:03,-1.195,-46.02,75.94,90,69,6.2
227,Shimoda,JP,2021-08-14 22:17:03,34.6667,138.95,79.83,92,100,19.71
228,Toamasina,MG,2021-08-14 22:17:03,-18.1667,49.3833,68.0,94,75,8.05
229,Iralaya,HN,2021-08-14 22:17:04,15.0,-83.2333,84.29,72,100,8.59
230,Yaan,NG,2021-08-14 22:17:04,7.3833,8.5667,73.72,92,87,4.65
231,Vestmannaeyjar,IS,2021-08-14 22:17:04,63.4427,-20.2734,54.82,82,49,20.18
232,Adrar,MR,2021-08-14 22:17:05,20.5022,-10.0711,97.32,16,31,5.93
233,Half Moon Bay,US,2021-08-14 22:13:46,37.4636,-122.4286,97.92,67,40,1.99
234,Nosy Varika,MG,2021-08-14 22:17:05,-20.5833,48.5333,64.78,89,100,8.79
235,Lorengau,PG,2021-08-14 22:17:05,-2.0226,147.2712,82.72,77,74,10.07
236,Key Biscayne,US,2021-08-14 22:17:06,25.6937,-80.1628,87.03,73,90,1.01
237,Ipixuna,BR,2021-08-14 22:17:06,-1.7625,-48.8043,75.15,91,77,3.38
238,Iqaluit,CA,2021-08-14 22:15:22,63.7506,-68.5145,44.33,87,75,8.05
239,Hanna,CA,2021-08-14 22:17:06,51.6334,-111.9018,99.91,14,7,10.11
240,Namtsy,RU,2021-08-14 22:17:07,62.7161,129.6658,57.31,63,79,1.57
241,Sturgeon Bay,US,2021-08-14 22:16:25,44.8342,-87.377,79.09,53,1,11.5
242,Berlevag,NO,2021-08-14 22:17:07,70.8578,29.0864,46.92,85,26,7.94
243,Fostoria,US,2021-08-14 22:17:07,41.157,-83.4169,76.95,69,94,5.01
244,Faanui,PF,2021-08-14 22:17:08,-16.4833,-151.75,78.58,72,0,4.61
245,Benguela,AO,2021-08-14 22:17:08,-12.5763,13.4055,71.01,89,15,4.59
246,Usinsk,RU,2021-08-14 22:17:08,65.9939,57.5281,52.27,93,100,26.8
247,Auki,SB,2021-08-14 22:17:09,-8.7676,160.7034,80.85,81,18,5.57
248,Carnarvon,AU,2021-08-14 22:17:09,-24.8667,113.6333,44.67,38,0,9.22
249,Jalu,LY,2021-08-14 22:17:09,29.0331,21.5482,84.27,40,0,16.04
250,Praia Da Vitoria,PT,2021-08-14 22:17:10,38.7333,-27.0667,75.45,83,20,9.04
251,Mokena,US,2021-08-14 22:13:20,41.5261,-87.8892,81.91,48,1,4.0
252,San Carlos De Bariloche,AR,2021-08-14 22:17:10,-41.1456,-71.3082,46.15,39,0,5.75
253,General Pico,AR,2021-08-14 22:17:10,-35.6566,-63.7568,55.18,41,0,6.98
254,Zemio,CF,2021-08-14 22:17:11,5.0314,25.1361,68.18,97,98,2.04
255,Uribia,CO,2021-08-14 22:17:11,11.7139,-72.266,90.79,47,60,6.69
256,Tynda,RU,2021-08-14 22:17:11,55.1667,124.7167,60.03,81,93,1.03
257,Kalianget,ID,2021-08-14 22:17:12,-7.05,113.9333,80.15,76,8,13.29
258,Semey,KZ,2021-08-14 22:17:12,50.4111,80.2275,55.51,74,44,6.58
259,Qinzhou,CN,2021-08-14 22:17:12,21.95,108.6167,80.29,85,88,7.81
260,Ixtapa,MX,2021-08-14 22:17:13,20.7,-105.2,89.22,70,40,9.22
261,Piopio,NZ,2021-08-14 22:17:13,-38.4667,175.0167,54.43,63,75,5.41
262,Ahipara,NZ,2021-08-14 22:17:13,-35.1667,173.1667,56.14,58,66,8.03
263,Newport,GB,2021-08-14 22:14:48,51.5877,-2.9984,66.07,88,100,4.7
264,Hue,VN,2021-08-14 22:17:14,16.4667,107.6,86.11,58,20,4.61
265,Sijunjung,ID,2021-08-14 22:17:14,-0.6876,100.9537,72.05,99,100,1.16
266,Garowe,SO,2021-08-14 22:17:14,8.4054,48.4845,76.68,63,60,28.3
267,Kununurra,AU,2021-08-14 22:17:15,-15.7667,128.7333,78.78,29,75,10.36
268,Isla Vista,US,2021-08-14 22:17:15,34.4133,-119.861,100.08,58,1,12.66
269,Smithers,CA,2021-08-14 22:17:15,54.7804,-127.1743,71.92,56,75,9.22
270,Cidreira,BR,2021-08-14 22:17:16,-30.1811,-50.2056,59.45,91,94,14.99
271,Nicoya,CR,2021-08-14 22:17:16,10.1483,-85.452,76.55,85,95,3.76
272,Salalah,OM,2021-08-14 22:17:16,17.0151,54.0924,77.09,94,90,3.44
273,Petropavlovsk-Kamchatskiy,RU,2021-08-14 22:17:17,53.0452,158.6483,57.79,77,20,6.71
274,Takoradi,GH,2021-08-14 22:17:17,4.8845,-1.7554,75.38,82,5,9.78
275,Poum,NC,2021-08-14 22:17:17,-20.2333,164.0167,69.66,59,1,14.56
276,Liaocheng,CN,2021-08-14 22:17:18,36.4439,115.9647,68.58,89,0,2.59
277,Kaitangata,NZ,2021-08-14 22:17:18,-46.2817,169.8464,49.78,70,62,10.96
278,Rapid City,US,2021-08-14 22:14:58,44.0805,-103.231,92.55,48,40,4.0
279,Tarauaca,BR,2021-08-14 22:17:18,-8.1614,-70.7656,88.92,38,80,0.81
280,Constitucion,CL,2021-08-14 22:17:19,-35.3333,-72.4167,50.5,85,100,7.02
281,Simao,CN,2021-08-14 22:17:19,22.7886,100.9748,66.56,100,100,1.03
282,Chabahar,IR,2021-08-14 22:15:34,25.2919,60.643,80.49,83,98,9.42
283,Ortigueira,BR,2021-08-14 22:17:19,-24.2083,-50.9494,64.24,70,68,2.59
284,Anchorage,US,2021-08-14 22:14:49,61.2181,-149.9003,59.58,79,75,3.44
285,Bani Walid,LY,2021-08-14 22:17:20,31.7566,13.9942,77.49,69,0,7.72
286,Sorland,NO,2021-08-14 22:17:20,67.667,12.6934,51.53,79,46,21.99
287,Xichang,CN,2021-08-14 22:17:21,27.8964,102.2634,63.19,93,100,0.78
288,Szydlowiec,PL,2021-08-14 22:17:21,51.2282,20.8611,65.19,78,6,3.33
289,Cap Malheureux,MU,2021-08-14 22:17:21,-19.9842,57.6142,70.29,77,42,4.0
290,Henties Bay,NA,2021-08-14 22:17:22,-22.116,14.2845,55.85,78,0,8.63
291,Meulaboh,ID,2021-08-14 22:17:22,4.1363,96.1285,73.26,96,100,3.78
292,Cruzeiro Do Sul,BR,2021-08-14 22:17:22,-29.5128,-51.9853,67.08,85,84,0.54
293,Port Hedland,AU,2021-08-14 22:17:23,-20.3167,118.5667,66.25,39,90,4.61
294,Tutoia,BR,2021-08-14 22:17:23,-2.7619,-42.2744,79.34,79,32,11.52
295,Lompoc,US,2021-08-14 22:13:47,34.6391,-120.4579,89.02,73,1,14.97
296,Mwanza,TZ,2021-08-14 22:17:23,-2.5167,32.9,75.45,44,80,6.04
297,Eureka,US,2021-08-14 22:14:33,40.8021,-124.1637,65.59,81,81,1.99
298,Devonport,AU,2021-08-14 22:17:24,-41.1667,146.35,53.1,76,81,21.14
299,Ingham,US,2021-08-14 22:17:24,42.6,-84.3833,76.57,47,1,6.91
300,Araouane,ML,2021-08-14 22:17:24,18.9048,-3.5265,101.3,14,20,7.78
301,Kharan,PK,2021-08-14 22:17:25,28.5833,65.4167,85.41,20,6,4.12
302,Doba,TD,2021-08-14 22:17:25,8.65,16.85,72.7,93,100,2.44
303,Yuzhno-Kurilsk,RU,2021-08-14 22:17:25,44.0306,145.8556,57.29,81,68,10.42
304,Los Llanos De Aridane,ES,2021-08-14 22:17:26,28.6585,-17.9182,76.12,72,0,17.27
305,Vardo,NO,2021-08-14 22:17:26,70.3705,31.1107,48.85,84,70,2.13
306,Scarborough,GB,2021-08-14 22:17:26,54.2797,-0.4044,58.93,78,98,1.01
307,Malindi,KE,2021-08-14 22:17:26,-3.2175,40.1191,74.77,83,1,16.17
308,Cabedelo,BR,2021-08-14 22:17:27,-6.9811,-34.8339,75.87,87,8,14.23
309,Oranjemund,NA,2021-08-14 22:17:27,-28.55,16.4333,56.8,52,0,6.78
310,Tromso,NO,2021-08-14 22:17:27,69.6496,18.957,46.42,87,75,13.8
311,Pangai,TO,2021-08-14 22:17:28,-19.8,-174.35,71.92,59,16,17.4
312,Maizuru,JP,2021-08-14 22:17:28,35.45,135.3333,72.75,93,100,6.96
313,Cockburn Town,TC,2021-08-14 22:17:28,21.4612,-71.1419,82.67,81,59,17.38
314,El Seibo,DO,2021-08-14 22:17:29,18.7641,-69.0375,85.53,81,77,8.01
315,Cestas,FR,2021-08-14 22:14:03,44.7435,-0.6791,74.3,80,0,1.01
316,Santa Maria,BR,2021-08-14 22:17:29,-29.6842,-53.8069,61.9,88,75,1.14
317,Sao Joao Da Barra,BR,2021-08-14 22:17:29,-21.6403,-41.0511,70.11,86,85,9.66
318,Aras,ES,2021-08-14 22:17:30,42.5617,-2.356,72.01,64,0,12.66
319,Port Hardy,CA,2021-08-14 22:15:13,50.6996,-127.4199,69.98,68,75,10.36
320,Caborca,MX,2021-08-14 22:17:30,30.5838,-111.101,90.48,48,48,6.71
321,Lakefield,US,2021-08-14 22:17:30,43.6775,-95.1717,83.91,28,1,11.5
322,Berdigestyakh,RU,2021-08-14 22:17:31,62.0989,126.6992,65.86,83,93,4.54
323,Srivardhan,IN,2021-08-14 22:17:31,18.0333,73.0167,79.38,78,71,5.57
324,Hambantota,LK,2021-08-14 22:17:31,6.1241,81.1185,79.23,77,100,17.56
325,Olden,NO,2021-08-14 22:17:32,61.8364,6.8064,57.16,92,100,2.28
326,Ishinomaki,JP,2021-08-14 22:17:32,38.4167,141.3,62.6,90,100,16.96
327,Mayumba,GA,2021-08-14 22:17:32,-3.432,10.6554,74.3,91,97,8.68
328,Havelock,US,2021-08-14 22:17:33,34.8791,-76.9013,89.06,79,98,8.99
329,Olafsvik,IS,2021-08-14 22:17:33,64.8945,-23.7142,52.92,88,3,11.16
330,Pathein,MM,2021-08-14 22:17:33,16.7833,94.7333,78.21,90,100,4.41
331,Kuito,AO,2021-08-14 22:17:34,-12.3833,16.9333,58.62,28,2,3.51
332,Santa Cruz,BO,2021-08-14 22:17:34,-17.8,-63.1667,76.46,31,0,2.3
333,Alamosa,US,2021-08-14 22:17:34,37.4695,-105.87,82.38,18,1,5.75
334,Bambous Virieux,MU,2021-08-14 22:17:35,-20.3428,57.7575,70.05,88,75,13.8
335,Ikom,NG,2021-08-14 22:17:35,5.9667,8.7063,73.74,96,99,2.73
336,Tazovskiy,RU,2021-08-14 22:17:35,67.4667,78.7,57.45,85,100,20.94
337,Uromi,NG,2021-08-14 22:17:35,6.7,6.3333,69.46,96,78,5.77
338,Lilongwe,MW,2021-08-14 22:17:36,-13.9669,33.7873,63.39,52,44,7.02
339,Codrington,AU,2021-08-14 22:17:36,-38.2667,141.9667,49.01,81,0,16.87
340,Aklavik,CA,2021-08-14 22:17:36,68.2191,-135.0107,63.43,45,40,3.44
341,Kamina,CD,2021-08-14 22:17:37,-8.7386,24.9906,67.24,30,0,4.12
342,Roald,NO,2021-08-14 22:17:37,62.5833,6.1333,58.33,88,75,5.75
343,Birin,NP,2021-08-14 22:17:37,26.8865,88.0718,63.52,95,100,2.62
344,Ostersund,SE,2021-08-14 22:17:38,63.1792,14.6357,54.05,100,90,8.05
345,Namibe,AO,2021-08-14 22:17:38,-15.1961,12.1522,64.33,90,79,4.63
346,Leshukonskoye,RU,2021-08-14 22:17:38,64.8989,45.7622,49.17,96,35,3.29
347,Faya,SA,2021-08-14 22:17:38,18.3851,42.4509,70.32,28,14,4.45
348,Oktyabrskoye,RU,2021-08-14 22:17:39,43.0645,44.7417,66.34,94,100,8.95
349,Payson,US,2021-08-14 22:17:39,40.0444,-111.7321,102.51,19,1,1.01
350,Beloha,MG,2021-08-14 22:17:39,-25.1667,45.05,59.79,58,72,12.19
351,Bonthe,SL,2021-08-14 22:17:40,7.5264,-12.505,76.68,81,99,9.86
352,Bar Harbor,US,2021-08-14 22:17:40,44.3876,-68.2039,76.33,88,40,8.99
353,Rocha,UY,2021-08-14 22:13:27,-34.4833,-54.3333,53.19,97,99,3.65
354,Westport,US,2021-08-14 22:17:40,41.1415,-73.3579,90.09,74,20,1.01
355,Nemuro,JP,2021-08-14 22:17:41,43.3236,145.575,57.31,82,83,13.82
356,Torbay,CA,2021-08-14 22:15:14,47.6666,-52.7314,74.17,91,75,2.3
357,Gorontalo,ID,2021-08-14 22:15:14,0.5412,123.0595,72.5,95,38,2.53
358,Belmonte,BR,2021-08-14 22:17:41,-15.8631,-38.8828,73.9,80,2,7.0
359,Litovko,RU,2021-08-14 22:17:42,49.2361,135.1742,64.54,84,27,1.45
360,Virginia Beach,US,2021-08-14 22:17:42,36.8529,-75.978,90.01,74,90,14.97
361,Washington,US,2021-08-14 22:13:49,47.5001,-120.5015,100.56,19,0,12.91
362,Sitka,US,2021-08-14 22:17:42,57.0531,-135.33,60.69,72,90,6.91
363,Ayaviri,PE,2021-08-14 22:17:43,-14.8864,-70.5889,59.11,22,47,7.99
364,Bayburt,TR,2021-08-14 22:17:43,40.2589,40.2278,56.48,82,58,1.7
365,Barra Do Corda,BR,2021-08-14 22:17:43,-5.5,-45.25,84.6,35,11,3.4
366,Raudeberg,NO,2021-08-14 22:17:44,61.9875,5.1352,57.2,93,93,7.02
367,Chornukhy,UA,2021-08-14 22:17:44,50.2673,32.942,63.41,56,2,4.12
368,Kishangarh,IN,2021-08-14 22:17:44,26.5667,74.8667,79.56,68,86,12.84
369,Dali,CN,2021-08-14 22:17:44,25.7,100.1833,63.34,95,100,2.64
370,Inongo,CD,2021-08-14 22:17:45,-1.95,18.2667,69.93,83,49,4.83
371,Parole,US,2021-08-14 22:17:45,38.9796,-76.5305,89.89,70,20,5.75
372,Sakaiminato,JP,2021-08-14 22:17:45,35.55,133.2333,71.58,88,75,3.44
373,Ballina,AU,2021-08-14 22:17:46,-28.8667,153.5667,62.78,91,22,6.04
374,Vao,NC,2021-08-14 22:17:46,-22.6667,167.4833,67.6,66,92,18.21
375,Safita,SY,2021-08-14 22:17:46,34.8205,36.1153,76.98,74,0,3.02
376,Dzilam Gonzalez,MX,2021-08-14 22:17:47,21.2833,-88.9333,87.35,59,6,8.48
377,Naters,CH,2021-08-14 22:17:47,46.3254,7.9891,73.96,69,8,2.39
378,Olinda,BR,2021-08-14 22:17:47,-8.0089,-34.8553,73.13,83,40,5.75
379,Jiangkou,CN,2021-08-14 22:17:48,25.4872,119.1986,80.49,93,59,6.78
380,Yumbe,UG,2021-08-14 22:17:48,3.4651,31.2469,64.58,96,100,3.09
381,Axim,GH,2021-08-14 22:15:00,4.8699,-2.2405,75.47,83,2,8.7
382,Alofi,NU,2021-08-14 22:17:48,-19.0595,-169.9187,75.09,64,24,17.27
383,Campos,BR,2021-08-14 22:17:08,-21.75,-41.3,67.98,92,95,7.31
384,Antalaha,MG,2021-08-14 22:17:49,-14.9003,50.2788,67.15,88,10,8.61
385,Voznesenye,RU,2021-08-14 22:17:49,61.0106,35.4781,60.44,88,99,10.25
386,Horadiz,AZ,2021-08-14 22:17:49,39.4488,47.3353,75.97,42,14,9.22
387,Te Horo,NZ,2021-08-14 22:17:50,-40.8084,175.1233,52.81,75,13,5.01
388,Bitung,ID,2021-08-14 22:17:50,1.4451,125.1824,72.45,83,61,8.86
389,Gigmoto,PH,2021-08-14 22:17:50,13.7796,124.39,78.08,76,71,3.83
390,Caravelas,BR,2021-08-14 22:17:51,-17.7125,-39.2481,68.76,79,6,5.28
391,Deputatskiy,RU,2021-08-14 22:17:51,69.3,139.9,41.94,70,88,1.45
392,Watsa,CD,2021-08-14 22:17:51,3.0372,29.5355,64.53,97,100,1.88
393,Marsh Harbour,BS,2021-08-14 22:15:57,26.5412,-77.0636,83.71,66,89,16.28
394,Kalmunai,LK,2021-08-14 22:17:52,7.4167,81.8167,79.81,81,100,6.46
395,North Bend,US,2021-08-14 22:17:52,43.4065,-124.2243,82.92,77,1,11.5
396,Guanare,VE,2021-08-14 22:17:52,9.0418,-69.7421,78.82,100,100,8.05
397,Andenes,NO,2021-08-14 22:17:53,69.3143,16.1194,49.98,81,90,17.27
398,San Cristobal,VE,2021-08-14 22:17:53,7.7669,-72.225,75.38,91,91,4.85
399,Xiuyan,CN,2021-08-14 22:17:53,40.2928,123.2744,66.06,96,13,2.91
400,Tevaitoa,PF,2021-08-14 22:17:54,-16.7833,-151.5,78.4,72,3,4.05
401,Cottonwood,US,2021-08-14 22:16:34,34.7392,-112.0099,99.88,33,98,1.99
402,Kuytun,RU,2021-08-14 22:17:54,54.3419,101.5036,58.06,96,83,8.41
403,Arinos,BR,2021-08-14 22:17:54,-15.9169,-46.1056,75.25,33,2,4.29
404,Gympie,AU,2021-08-14 22:17:55,-26.1898,152.665,63.32,81,68,1.57
405,Esperance,AU,2021-08-14 22:17:55,-33.8667,121.9,57.18,67,86,5.97
406,Cayenne,GF,2021-08-14 22:15:06,4.9333,-52.3333,82.44,84,0,1.99
407,Otterup,DK,2021-08-14 22:17:56,55.5153,10.3976,62.91,74,94,15.84
408,Satun,TH,2021-08-14 22:17:56,6.8333,100.0,78.51,93,100,0.76
409,Noshiro,JP,2021-08-14 22:17:56,40.2039,140.0242,65.34,88,100,11.72
410,Kaihua,CN,2021-08-14 22:17:57,23.3687,104.28,67.1,97,100,2.73
411,Kang,BW,2021-08-14 22:17:57,-23.6752,22.7876,53.11,76,16,16.37
412,Kavaratti,IN,2021-08-14 22:17:57,10.5669,72.642,80.92,78,91,17.31
413,Cermik,TR,2021-08-14 22:17:58,38.1361,39.4493,73.89,46,5,6.29
414,Ilulissat,GL,2021-08-14 22:17:58,69.2167,-51.1,46.42,93,75,9.22
415,Avera,US,2021-08-14 22:17:58,33.194,-82.5271,89.11,39,69,11.45
416,Baghdad,IQ,2021-08-14 22:15:52,33.3406,44.4009,89.51,33,0,9.22
417,Klyuchi,RU,2021-08-14 22:17:59,52.2667,79.1667,57.85,64,98,5.99
418,Buchanan,LR,2021-08-14 22:17:59,5.8808,-10.0467,75.16,75,99,6.73
419,Soverato,IT,2021-08-14 22:17:59,38.685,16.5499,76.89,44,0,5.46
420,Enshi,CN,2021-08-14 22:18:00,30.3,109.4833,68.54,97,100,0.11
421,Waipawa,NZ,2021-08-14 22:18:00,-41.4122,175.5153,47.03,72,0,4.88
422,Udachnyy,RU,2021-08-14 22:18:00,66.4167,112.4,49.75,72,98,5.59
423,Kungurtug,RU,2021-08-14 22:18:01,50.5994,97.5228,53.98,94,93,0.58
424,Alcantara,BR,2021-08-14 22:18:01,-2.4089,-44.4147,80.8,85,43,6.76
425,Kuusankoski,FI,2021-08-14 22:18:01,60.907,26.6244,57.72,82,0,5.75
426,Visnes,NO,2021-08-14 22:18:02,59.3556,5.2242,59.22,77,40,10.36
427,Moville,US,2021-08-14 22:18:02,42.4889,-96.0725,85.96,16,8,13.6
428,Atar,MR,2021-08-14 22:18:02,20.5169,-13.0499,96.44,21,3,6.06
429,Nanortalik,GL,2021-08-14 22:18:03,60.1432,-45.2371,48.74,97,100,7.25
430,Lucapa,AO,2021-08-14 22:18:03,-8.4192,20.7447,71.91,50,15,1.95
431,Shache,CN,2021-08-14 22:18:03,38.4167,77.2406,71.67,32,100,3.71
432,Sinnamary,GF,2021-08-14 22:18:04,5.3833,-52.95,78.31,88,23,9.46
433,Mocuba,MZ,2021-08-14 22:18:04,-16.8392,36.9856,66.42,90,95,6.22
434,Paragominas,BR,2021-08-14 22:18:04,-2.9667,-47.4833,77.9,70,64,2.44
435,Leningradskiy,RU,2021-08-14 22:18:05,69.3833,178.4167,36.41,96,100,20.96
436,Jalapa,MX,2021-08-14 22:18:05,19.5333,-96.9167,67.77,92,83,3.4
437,Kasongo-Lunda,CD,2021-08-14 22:18:05,-6.4667,16.8167,77.05,58,35,1.36
438,Muli,MV,2021-08-14 22:18:06,2.9167,73.5667,81.72,76,99,18.7
439,Quelimane,MZ,2021-08-14 22:18:06,-17.8786,36.8883,68.67,78,43,9.55
440,Ribeira Brava,PT,2021-08-14 22:18:06,32.65,-17.0667,78.71,63,35,1.66
441,Derzhavinsk,KZ,2021-08-14 22:18:07,51.1,66.3167,61.02,44,19,2.64
442,Beaver Dam,US,2021-08-14 22:18:07,43.4578,-88.8373,80.71,42,40,1.99
443,Akdepe,TM,2021-08-14 22:18:07,42.0551,59.3788,64.49,39,0,8.77
444,Kearney,US,2021-08-14 22:18:08,40.6995,-99.0815,85.15,57,75,10.36
445,Slave Lake,CA,2021-08-14 22:15:14,55.2834,-114.769,76.98,47,75,13.8
446,Obo,CF,2021-08-14 22:18:08,5.3998,26.4869,68.7,93,100,2.84
447,Shingu,JP,2021-08-14 22:18:08,33.7333,135.9833,81.91,92,100,16.8
448,Gat,IL,2021-08-14 22:18:09,31.61,34.7642,81.39,100,0,3.29
449,Teya,RU,2021-08-14 22:18:09,60.3778,92.6267,49.6,97,71,2.86
450,Great Yarmouth,GB,2021-08-14 22:18:09,52.6083,1.7305,66.56,79,84,4.97
451,Haines Junction,CA,2021-08-14 22:18:10,60.7522,-137.5108,60.75,44,98,8.05
452,Sechura,PE,2021-08-14 22:18:10,-5.5569,-80.8222,73.94,63,52,19.04
453,Koslan,RU,2021-08-14 22:18:10,63.4564,48.8989,52.86,98,16,5.01
454,Necochea,AR,2021-08-14 22:18:11,-38.5473,-58.7368,52.03,65,0,8.37
455,Fare,PF,2021-08-14 22:18:11,-16.7,-151.0167,78.49,74,0,5.06
456,Pangnirtung,CA,2021-08-14 22:18:11,66.1451,-65.7125,48.2,81,90,16.11
457,Labuan,MY,2021-08-14 22:18:12,5.2767,115.2417,75.56,100,20,0.0
458,La Baule-Escoublac,FR,2021-08-14 22:18:12,47.2922,-2.364,68.02,75,0,10.36
459,Ahuimanu,US,2021-08-14 22:18:12,21.4447,-157.8378,89.31,61,40,13.8
460,Malkara,TR,2021-08-14 22:18:13,40.89,26.9011,65.28,74,0,7.47
461,Rock Sound,BS,2021-08-14 22:18:13,24.9,-76.2,83.23,68,93,18.21
462,Pomerode,BR,2021-08-14 22:18:13,-26.7406,-49.1769,64.53,100,100,0.58
463,Wewak,PG,2021-08-14 22:18:14,-3.5534,143.6268,77.81,87,60,5.03
464,Vila Franca Do Campo,PT,2021-08-14 22:18:14,37.7167,-25.4333,73.81,89,29,10.42
465,Nyurba,RU,2021-08-14 22:18:14,63.2842,118.3319,58.33,95,73,4.81
466,Barahona,DO,2021-08-14 22:18:15,18.2085,-71.1008,89.42,66,40,9.22
467,Georgiyevka,KZ,2021-08-14 22:18:15,43.0369,74.7114,59.04,88,75,8.95
468,Chernyanka,RU,2021-08-14 22:18:15,50.9409,37.8069,61.68,72,100,2.84
469,Moranbah,AU,2021-08-14 22:18:16,-22.0016,148.0466,60.57,82,2,14.74
470,Landau,DE,2021-08-14 22:18:16,49.2075,8.1133,70.32,74,0,3.29
471,Bardiyah,LY,2021-08-14 22:18:16,31.7561,25.0865,78.71,69,0,3.98
472,Artyshta,RU,2021-08-14 22:18:16,54.1222,86.2909,53.85,99,100,2.46
473,Morondava,MG,2021-08-14 22:18:17,-20.2833,44.2833,73.74,54,0,13.73
474,Mizan Teferi,ET,2021-08-14 22:18:17,6.9833,35.5833,61.05,98,100,1.1
475,Kochi,IN,2021-08-14 22:18:17,9.9399,76.2602,73.38,86,100,7.76
476,Ketchikan,US,2021-08-14 22:18:18,55.3422,-131.6461,62.38,78,100,7.11
477,Nador,MA,2021-08-14 22:18:18,35.174,-2.9287,75.27,94,75,3.44
478,Fremont,US,2021-08-14 22:14:05,37.5483,-121.9886,102.38,56,1,3.0
479,Erenhot,CN,2021-08-14 22:18:18,43.6475,111.9767,71.11,56,10,5.68
480,Hovd,MN,2021-08-14 22:18:19,48.0056,91.6419,66.81,44,100,6.38
481,Rorvik,NO,2021-08-14 22:18:19,64.8621,11.2373,56.41,77,100,17.65
482,Hereford,GB,2021-08-14 22:18:20,52.0568,-2.7148,66.06,65,91,4.45
483,Bontang,ID,2021-08-14 22:18:20,0.1333,117.5,77.14,86,92,1.21
484,Baykit,RU,2021-08-14 22:18:20,61.67,96.37,55.62,95,100,3.33
485,Mbanza-Ngungu,CD,2021-08-14 22:18:21,-5.25,14.8667,77.56,56,66,5.08
486,Fortuna,US,2021-08-14 22:18:21,40.5982,-124.1573,65.32,80,1,13.8
487,Mareeba,AU,2021-08-14 22:18:21,-17.0,145.4333,69.44,83,69,4.38
488,Jonuta,MX,2021-08-14 22:18:22,18.0833,-92.1333,85.05,56,88,5.82
489,Shangzhi,CN,2021-08-14 22:18:22,45.2167,127.9667,61.65,88,97,2.71
490,Yangambi,CD,2021-08-14 22:18:22,0.8102,24.4336,69.49,91,35,1.54
491,Malakal,SS,2021-08-14 22:18:22,9.5334,31.6605,71.76,95,100,3.18
492,East Millcreek,US,2021-08-14 22:18:23,40.7,-111.8105,102.18,19,20,1.01
493,Tawau,MY,2021-08-14 22:18:23,4.2498,117.8871,75.33,88,100,4.29
494,Luba,GQ,2021-08-14 22:18:23,3.4568,8.5547,78.12,84,35,6.26
495,Chifeng,CN,2021-08-14 22:17:32,42.2683,118.9636,63.01,94,100,1.59
496,Dehui,CN,2021-08-14 22:18:24,44.5333,125.7,66.51,93,99,3.11
497,Ludvika,SE,2021-08-14 22:18:24,60.1496,15.1878,56.03,95,82,9.08
498,Jinxi,CN,2021-08-14 22:18:25,30.4323,116.2922,72.16,96,100,1.66
499,Carmo Do Paranaiba,BR,2021-08-14 22:18:25,-19.0008,-46.3161,68.76,52,11,0.54
500,Tiarei,PF,2021-08-14 22:18:25,-17.5333,-149.3333,82.42,77,53,7.65
501,Vuktyl,RU,2021-08-14 22:18:26,63.8567,57.3094,57.7,74,62,14.7
502,Kerrobert,CA,2021-08-14 22:14:14,51.9168,-109.1348,97.47,12,26,14.72
503,La Union,PE,2021-08-14 22:18:26,-5.4,-80.75,77.54,53,65,18.61
504,Ukiah,US,2021-08-14 22:18:26,39.1502,-123.2078,109.13,22,1,11.5
505,Oksfjord,NO,2021-08-14 22:18:27,70.2396,22.3479,48.99,90,76,2.75
506,Charagua,BO,2021-08-14 22:18:27,-19.8,-63.2167,69.37,35,0,3.85
507,Oudtshoorn,ZA,2021-08-14 22:18:27,-33.5907,22.2014,44.96,77,0,2.46
508,Cabanas,CU,2021-08-14 22:18:28,22.9758,-82.9219,79.27,89,100,10.45
509,Murgab,TM,2021-08-14 22:18:28,37.4966,61.9714,67.87,42,0,6.91
510,Kushima,JP,2021-08-14 22:18:28,31.4583,131.2333,80.11,95,100,11.39
511,Tubuala,PA,2021-08-14 22:18:28,9.5167,-79.0333,84.33,83,61,6.46
512,Puerto Carreno,CO,2021-08-14 22:18:29,6.189,-67.4859,74.07,93,100,1.79
513,Sargatskoye,RU,2021-08-14 22:18:29,55.6101,73.4972,55.26,87,84,6.35
514,Lata,PT,2021-08-14 22:18:29,40.1629,-8.3327,63.81,89,62,2.75
515,Salta,AR,2021-08-14 22:15:19,-24.7859,-65.4117,61.39,34,0,5.01
516,Okato,NZ,2021-08-14 22:18:30,-39.2,173.8833,52.43,65,84,11.86
517,Alugan,PH,2021-08-14 22:18:30,12.2188,125.4808,76.35,84,45,5.57
518,Touros,BR,2021-08-14 22:18:30,-5.1989,-35.4608,77.9,81,9,18.97
519,Santa Maria Del Oro,MX,2021-08-14 22:18:31,25.9333,-105.3667,79.97,38,70,13.11
520,Luena,AO,2021-08-14 22:18:31,-11.7833,19.9167,63.03,25,12,3.24
521,Alice Springs,AU,2021-08-14 22:18:31,-23.7,133.8833,44.15,49,0,4.61
522,Gaozhou,CN,2021-08-14 22:18:32,21.9392,110.8461,77.94,89,99,4.29
523,Kysyl-Syr,RU,2021-08-14 22:18:32,63.8986,122.7617,55.53,91,100,6.42
524,Yulara,AU,2021-08-14 22:18:32,-25.2406,130.9889,51.64,40,6,5.75
525,Ust-Maya,RU,2021-08-14 22:18:33,60.4167,134.5333,69.4,58,52,3.2
526,Dukat,RU,2021-08-14 22:18:33,62.55,155.55,61.86,59,94,13.22
527,La Libertad,EC,2021-08-14 22:18:33,-2.2333,-80.9,73.06,78,75,13.8
528,Syracuse,IT,2021-08-14 22:18:33,37.0881,15.2792,84.61,64,0,2.73
529,Athens,GR,2021-08-14 22:18:06,37.9795,23.7162,80.17,48,0,1.01
530,Rasskazovo,RU,2021-08-14 22:18:34,52.6714,41.9033,57.7,91,99,6.91
531,Bombay,IN,2021-08-14 22:18:02,19.0144,72.8479,78.78,94,75,5.75
532,Chapais,CA,2021-08-14 22:18:34,49.7834,-74.8492,60.58,60,88,9.8
533,Teacapan,MX,2021-08-14 22:18:35,22.55,-105.75,87.39,69,26,11.7
534,Richards Bay,ZA,2021-08-14 22:18:35,-28.783,32.0377,58.53,79,99,5.99
535,Ismailia,EG,2021-08-14 22:18:35,30.6043,32.2723,79.2,65,0,5.14
536,Manica,FR,2021-08-14 22:18:36,49.0,-1.1667,58.41,83,3,1.74
537,Cairo,EG,2021-08-14 22:18:36,30.0626,31.2497,86.76,66,0,3.44
538,Havre-Saint-Pierre,CA,2021-08-14 22:18:36,50.2334,-63.5986,73.76,83,75,0.0
539,Trairi,BR,2021-08-14 22:18:36,-3.2778,-39.2689,77.58,73,7,9.01
540,Dmitriyevka,RU,2021-08-14 22:18:37,54.75,55.3333,62.15,74,31,6.11
541,Zyryanka,RU,2021-08-14 22:18:37,65.75,150.85,48.9,81,100,10.83
542,Hays,US,2021-08-14 22:18:37,30.0502,-98.0336,94.84,37,95,1.01
543,Tanete,ID,2021-08-14 22:18:38,-3.9443,119.7848,74.12,91,28,7.18
544,Lasa,IT,2021-08-14 22:18:38,46.6166,10.7002,72.48,86,75,3.13
545,Kerema,PG,2021-08-14 22:18:38,-7.9631,145.7785,77.36,88,100,5.12
546,Catamarca,AR,2021-08-14 22:18:39,-28.4696,-65.7852,62.58,30,2,1.81
547,Thessalon,CA,2021-08-14 22:18:39,46.2501,-83.5666,73.89,48,38,12.1
548,Ouagadougou,BF,2021-08-14 22:13:51,12.3642,-1.5383,74.77,86,100,3.04
549,Puerto Penasco,MX,2021-08-14 22:18:39,31.3167,-113.5333,90.91,71,6,5.99
550,Sur,OM,2021-08-14 22:18:40,22.5667,59.5289,84.85,62,97,11.9
551,Rania,IN,2021-08-14 22:18:40,29.5333,74.8333,89.62,42,16,8.7
552,Teguldet,RU,2021-08-14 22:18:40,57.3064,88.1667,48.96,89,84,3.58
553,Aguadilla,PR,2021-08-14 22:16:21,18.4275,-67.1541,87.4,88,75,1.01
554,San Clemente,US,2021-08-14 22:14:32,33.427,-117.612,100.38,70,38,3.0
555,Placido De Castro,BR,2021-08-14 22:18:41,-10.3353,-67.1856,85.26,36,90,0.49
556,Chirongui,YT,2021-08-14 22:18:41,-12.9319,45.1483,75.13,70,1,15.84
557,Ajdabiya,LY,2021-08-14 22:18:42,30.7554,20.2263,84.45,32,0,20.22
558,Redlands,US,2021-08-14 22:17:13,34.0556,-117.1825,101.93,27,75,0.0
559,Paita,PE,2021-08-14 22:18:42,-5.0892,-81.1144,72.16,82,72,19.71
560,Beatrice,US,2021-08-14 22:18:42,40.2681,-96.747,87.82,39,75,8.05
561,Vizinga,RU,2021-08-14 22:18:43,61.0749,50.1031,54.93,91,1,5.08
562,Saint Anthony,US,2021-08-14 22:18:43,45.0205,-93.218,88.3,32,1,1.99
563,Mayo,US,2021-08-14 22:18:43,38.8876,-76.5119,90.01,72,20,4.0
564,Imbituba,BR,2021-08-14 22:18:44,-28.24,-48.6703,62.49,96,86,7.94
565,Jijiga,ET,2021-08-14 22:18:44,9.35,42.8,66.31,66,20,15.21
