City_ID,City,Country,Lat,Lng,Max Temp,Humidity,Cloudiness,Wind Speed,Current Description,Date
0,Bambous Virieux,MU,-20.3428,57.7575,69.22,83,20,13.8,light rain,2021-08-18 00:17:58
1,Saldanha,ZA,-33.0117,17.9442,55.45,89,100,9.08,overcast clouds,2021-08-18 00:17:59
2,Avarua,CK,-21.2078,-159.775,75.25,60,75,13.8,broken clouds,2021-08-18 00:17:59
3,Yellowknife,CA,62.456,-114.3525,59.52,55,20,11.5,few clouds,2021-08-18 00:17:36
4,Busselton,AU,-33.65,115.3333,56.08,85,4,3.96,clear sky,2021-08-18 00:18:00
5,Port Augusta,AU,-32.5,137.7667,54.72,52,76,2.77,broken clouds,2021-08-18 00:09:20
6,Ndele,CF,8.4109,20.6473,70.0,97,91,3.44,overcast clouds,2021-08-18 00:11:18
7,Rikitea,PF,-23.1203,-134.9692,74.66,76,0,20.74,light rain,2021-08-18 00:18:00
8,Guapi,CO,2.5708,-77.8854,76.86,87,70,3.27,broken clouds,2021-08-18 00:11:18
9,Butaritari,KI,3.0707,172.7902,83.44,69,92,12.95,overcast clouds,2021-08-18 00:18:01
10,Santarem,BR,-2.4431,-54.7083,81.91,60,62,1.66,broken clouds,2021-08-18 00:11:19
11,Airai,TL,-8.9266,125.4092,66.65,47,29,4.38,scattered clouds,2021-08-18 00:18:01
12,Praia Da Vitoria,PT,38.7333,-27.0667,74.75,88,20,4.23,few clouds,2021-08-18 00:18:02
13,Bredasdorp,ZA,-34.5322,20.0403,51.12,87,100,3.44,overcast clouds,2021-08-18 00:18:02
14,Kapaa,US,22.0752,-159.319,84.52,67,40,1.01,scattered clouds,2021-08-18 00:18:02
15,Hobart,AU,-42.8794,147.3294,53.11,75,75,1.99,broken clouds,2021-08-18 00:13:32
16,Tuktoyaktuk,CA,69.4541,-133.0374,44.6,93,90,13.8,overcast clouds,2021-08-18 00:18:03
17,Ushuaia,AR,-54.8,-68.3,35.26,80,75,23.02,light intensity drizzle,2021-08-18 00:15:56
18,Monrovia,LR,6.3005,-10.7969,77.63,77,65,11.52,broken clouds,2021-08-18 00:11:20
19,Shahr-E Babak,IR,30.1165,55.1186,75.9,27,53,8.08,broken clouds,2021-08-18 00:11:20
20,Port-Cartier,CA,50.0334,-66.8654,73.92,68,54,7.85,broken clouds,2021-08-18 00:18:03
21,Atuona,PF,-9.8,-139.0333,77.29,77,29,11.9,light rain,2021-08-18 00:15:17
22,Ondjiva,AO,-17.0667,15.7333,61.74,27,0,5.39,clear sky,2021-08-18 00:11:21
23,Dikson,RU,73.5069,80.5464,41.63,95,100,16.53,overcast clouds,2021-08-18 00:18:04
24,Lebu,CL,-37.6167,-73.65,51.03,93,100,18.79,overcast clouds,2021-08-18 00:18:04
25,Aitape,PG,-3.1374,142.3475,82.85,74,92,3.38,overcast clouds,2021-08-18 00:09:15
26,Albany,US,42.6001,-73.9662,73.62,86,100,4.74,overcast clouds,2021-08-18 00:15:06
27,Hermanus,ZA,-34.4187,19.2345,54.9,79,100,6.51,overcast clouds,2021-08-18 00:18:05
28,Bereda,ES,43.2686,-7.5406,60.91,92,10,6.02,clear sky,2021-08-18 00:11:22
29,Kahului,US,20.8947,-156.47,84.22,75,40,12.66,light rain,2021-08-18 00:18:05
30,Arraial Do Cabo,BR,-22.9661,-42.0278,70.79,91,2,24.87,clear sky,2021-08-18 00:18:06
31,Paita,PE,-5.0892,-81.1144,64.56,87,20,13.24,few clouds,2021-08-18 00:18:06
32,Katangli,RU,51.7102,143.2326,71.74,66,16,13.11,few clouds,2021-08-18 00:11:23
33,Mar Del Plata,AR,-38.0023,-57.5575,50.02,76,0,5.75,clear sky,2021-08-18 00:18:07
34,Champerico,GT,14.3,-91.9167,85.35,78,54,5.28,broken clouds,2021-08-18 00:18:07
35,Mataura,NZ,-46.1927,168.8643,44.47,86,92,7.31,overcast clouds,2021-08-18 00:11:23
36,Mattru,SL,7.6244,-11.8332,73.2,94,80,2.89,broken clouds,2021-08-18 00:11:24
37,Sitka,US,57.0531,-135.33,53.49,87,90,8.05,heavy intensity rain,2021-08-18 00:18:07
38,Cape Town,ZA,-33.9258,18.4232,55.89,92,75,1.99,broken clouds,2021-08-18 00:16:18
39,Constitucion,CL,-35.3333,-72.4167,54.88,95,100,20.4,overcast clouds,2021-08-18 00:11:24
40,Hilo,US,19.7297,-155.09,83.93,65,1,13.8,clear sky,2021-08-18 00:11:24
41,Najran,SA,17.4924,44.1277,82.65,16,55,5.44,broken clouds,2021-08-18 00:11:25
42,Standerton,ZA,-26.9337,29.2415,52.59,59,3,3.76,clear sky,2021-08-18 00:11:25
43,Hithadhoo,MV,-0.6,73.0833,81.19,75,83,8.28,broken clouds,2021-08-18 00:18:08
44,Kodiak,US,57.79,-152.4072,54.91,88,90,3.44,mist,2021-08-18 00:11:26
45,Saint-Pierre,RE,-21.3393,55.4781,67.68,68,90,13.8,overcast clouds,2021-08-18 00:08:55
46,Upernavik,GL,72.7868,-56.1549,40.19,94,100,10.87,overcast clouds,2021-08-18 00:18:09
47,Vaini,TO,-21.2,-175.2,75.36,94,75,9.22,light intensity shower rain,2021-08-18 00:18:09
48,Vila Velha,BR,-20.3297,-40.2925,73.35,83,40,8.05,scattered clouds,2021-08-18 00:13:27
49,Punta Arenas,CL,-53.15,-70.9167,39.31,93,90,23.02,light rain,2021-08-18 00:17:24
50,Batagay-Alyta,RU,67.8006,130.4114,56.46,58,100,3.13,overcast clouds,2021-08-18 00:18:10
51,Saint George,US,37.1041,-113.5841,102.67,27,1,10.0,clear sky,2021-08-18 00:11:26
52,Bathsheba,BB,13.2167,-59.5167,83.01,74,40,17.27,scattered clouds,2021-08-18 00:18:10
53,Esperance,AU,-33.8667,121.9,58.37,77,35,10.78,scattered clouds,2021-08-18 00:18:10
54,Qaanaaq,GL,77.484,-69.3632,40.8,93,92,3.74,overcast clouds,2021-08-18 00:18:11
55,Henties Bay,NA,-22.116,14.2845,49.86,84,0,6.6,clear sky,2021-08-18 00:18:11
56,Husavik,IS,66.0449,-17.3389,50.65,94,100,3.47,overcast clouds,2021-08-18 00:11:27
57,Ilhabela,BR,-23.7781,-45.3581,67.53,83,0,4.59,clear sky,2021-08-18 00:08:57
58,Santa Maria,BR,-29.6842,-53.8069,69.19,78,8,5.01,clear sky,2021-08-18 00:18:12
59,San Andres,CO,12.5847,-81.7006,84.22,74,75,6.91,broken clouds,2021-08-18 00:08:21
60,Barrow,US,71.2906,-156.7887,35.62,75,90,19.57,light snow,2021-08-18 00:18:12
61,Lamar,US,33.6668,-95.5836,73.89,97,90,0.0,light rain,2021-08-18 00:11:28
62,Port Hardy,CA,50.6996,-127.4199,64.58,68,40,14.97,scattered clouds,2021-08-18 00:18:12
63,Tukrah,LY,32.5341,20.5791,78.69,85,0,5.97,clear sky,2021-08-18 00:11:28
64,Byron Bay,AU,-28.65,153.6167,68.05,58,75,8.57,broken clouds,2021-08-18 00:08:05
65,Evensk,RU,61.95,159.2333,55.45,71,100,2.21,overcast clouds,2021-08-18 00:11:29
66,Jamestown,US,42.097,-79.2353,74.17,92,40,3.0,mist,2021-08-18 00:18:13
67,San Policarpo,PH,12.1791,125.5072,79.39,88,100,3.15,overcast clouds,2021-08-18 00:09:13
68,New Norfolk,AU,-42.7826,147.0587,52.75,72,100,1.01,overcast clouds,2021-08-18 00:11:29
69,Santa Cruz,BO,-17.8,-63.1667,81.86,57,0,11.5,clear sky,2021-08-18 00:07:15
70,Ponta Do Sol,PT,32.6667,-17.1,83.03,35,3,5.17,clear sky,2021-08-18 00:11:30
71,Seara,PT,41.1818,-7.8003,69.87,34,0,2.26,clear sky,2021-08-18 00:11:30
72,Karratha,AU,-20.7377,116.8463,73.71,32,0,7.43,clear sky,2021-08-18 00:18:14
73,Torbay,CA,47.6666,-52.7314,69.28,72,100,7.0,overcast clouds,2021-08-18 00:15:07
74,Villarrica,PY,-25.75,-56.4333,77.23,38,5,4.38,clear sky,2021-08-18 00:11:31
75,Nikolskoye,RU,59.7035,30.7861,65.01,93,96,7.65,overcast clouds,2021-08-18 00:18:15
76,Tasiilaq,GL,65.6145,-37.6368,46.56,83,100,2.82,overcast clouds,2021-08-18 00:18:15
77,Santa Rosa,PH,14.3122,121.1114,85.08,78,99,3.18,overcast clouds,2021-08-18 00:11:32
78,Itaituba,BR,-4.2761,-55.9836,81.14,57,45,0.83,scattered clouds,2021-08-18 00:18:15
79,Puerto Ayora,EC,-0.7393,-90.3518,71.55,84,54,4.0,broken clouds,2021-08-18 00:18:16
80,East London,ZA,-33.0153,27.9116,59.38,78,16,7.61,few clouds,2021-08-18 00:18:16
81,Rio Muerto,MX,27.4167,-110.2333,93.72,48,40,11.88,scattered clouds,2021-08-18 00:11:32
82,Pella,RU,59.7775,30.8181,65.17,93,96,7.78,overcast clouds,2021-08-18 00:11:33
83,Noumea,NC,-22.2763,166.4572,76.98,68,2,4.99,light rain,2021-08-18 00:14:55
84,Batsfjord,NO,70.6345,29.7185,47.07,83,80,3.87,broken clouds,2021-08-18 00:11:33
85,Carnarvon,AU,-24.8667,113.6333,64.47,79,2,5.75,clear sky,2021-08-18 00:18:17
86,Hasaki,JP,35.7333,140.8333,86.4,83,17,22.1,few clouds,2021-08-18 00:18:17
87,Pevek,RU,69.7008,170.3133,37.99,76,37,3.29,scattered clouds,2021-08-18 00:11:34
88,Burgeo,CA,47.6167,-57.6152,63.95,89,92,9.89,overcast clouds,2021-08-18 00:18:18
89,Daru,PG,-9.0763,143.2092,77.7,87,93,18.84,overcast clouds,2021-08-18 00:11:34
90,Tura,IN,25.5198,90.2201,73.94,98,100,3.51,overcast clouds,2021-08-18 00:18:19
91,Nizhniy Tsasuchey,RU,50.5167,115.1333,66.83,79,100,12.08,light rain,2021-08-18 00:11:35
92,Ostersund,SE,63.1792,14.6357,54.05,76,90,6.91,overcast clouds,2021-08-18 00:18:19
93,Okha,RU,53.5739,142.9478,73.81,63,59,16.24,broken clouds,2021-08-18 00:18:19
94,Nago,JP,26.5881,127.9761,82.47,86,100,10.31,heavy intensity rain,2021-08-18 00:11:36
95,Gat,IL,31.61,34.7642,79.48,100,0,3.47,clear sky,2021-08-18 00:06:00
96,Mayumba,GA,-3.432,10.6554,73.56,95,98,2.82,overcast clouds,2021-08-18 00:18:20
97,Port Elizabeth,ZA,-33.918,25.5701,55.69,82,0,4.61,clear sky,2021-08-18 00:18:20
98,Muisne,EC,0.6,-80.0333,74.8,84,78,7.34,broken clouds,2021-08-18 00:08:33
99,Sembe,CG,1.6481,14.5806,69.64,99,96,2.24,overcast clouds,2021-08-18 00:11:36
100,Shumskiy,RU,54.8318,99.1328,55.96,90,97,3.24,light rain,2021-08-18 00:11:37
101,Lafiagi,NG,8.8667,5.4167,72.81,96,100,3.89,light rain,2021-08-18 00:11:37
102,Chokurdakh,RU,70.6333,147.9167,55.63,46,48,16.78,scattered clouds,2021-08-18 00:18:21
103,Labuan,MY,5.2767,115.2417,80.96,94,20,1.14,few clouds,2021-08-18 00:18:21
104,Petukhovo,RU,55.0692,67.9019,62.42,77,82,5.61,broken clouds,2021-08-18 00:11:38
105,Clyde River,CA,70.4692,-68.5914,39.72,92,100,3.49,overcast clouds,2021-08-18 00:18:22
106,Chalons-En-Champagne,FR,48.9539,4.3672,60.03,93,100,6.15,overcast clouds,2021-08-18 00:10:07
107,San Cristobal,VE,7.7669,-72.225,73.58,91,23,2.95,few clouds,2021-08-18 00:18:22
108,Half Moon Bay,US,37.4636,-122.4286,85.57,64,1,12.66,clear sky,2021-08-18 00:18:22
109,Spasskoye,RU,44.6108,132.7969,73.22,53,33,3.51,scattered clouds,2021-08-18 00:11:39
110,Vaitape,PF,-16.5167,-151.75,78.28,76,5,6.73,light rain,2021-08-18 00:11:39
111,North Bend,US,43.4065,-124.2243,72.95,62,75,10.36,broken clouds,2021-08-18 00:18:23
112,Bartlesville,US,36.7473,-95.9808,83.1,73,75,8.05,broken clouds,2021-08-18 00:09:00
113,Khatanga,RU,71.9667,102.5,56.97,82,100,9.53,overcast clouds,2021-08-18 00:11:40
114,Victoria,HK,22.2855,114.1577,87.96,86,97,1.01,overcast clouds,2021-08-18 00:16:05
115,Iralaya,HN,15.0,-83.2333,81.68,77,56,8.28,broken clouds,2021-08-18 00:11:40
116,Thompson,CA,55.7435,-97.8558,62.76,63,75,9.22,broken clouds,2021-08-18 00:18:24
117,Marystown,CA,47.1666,-55.1483,63.97,75,99,13.69,overcast clouds,2021-08-18 00:11:41
118,Kalmunai,LK,7.4167,81.8167,78.19,73,100,5.68,overcast clouds,2021-08-18 00:11:41
119,Taltal,CL,-25.4,-70.4833,63.23,59,20,2.68,few clouds,2021-08-18 00:08:38
120,Santiago De Cuba,CU,20.0247,-75.8219,83.82,88,75,5.75,broken clouds,2021-08-18 00:11:08
121,Longyearbyen,SJ,78.2186,15.6401,40.84,93,90,2.3,overcast clouds,2021-08-18 00:11:41
122,Castro,BR,-24.7911,-50.0119,62.6,65,0,3.94,clear sky,2021-08-18 00:18:25
123,Tiksi,RU,71.6872,128.8694,53.46,81,100,9.46,overcast clouds,2021-08-18 00:18:25
124,Richards Bay,ZA,-28.783,32.0377,65.01,73,33,5.82,scattered clouds,2021-08-18 00:18:25
125,Chuy,UY,-33.6971,-53.4616,54.59,94,100,4.97,overcast clouds,2021-08-18 00:11:42
126,Maniitsoq,GL,65.4167,-52.9,45.82,96,100,16.11,light rain,2021-08-18 00:18:26
127,Narsaq,GL,60.9167,-46.05,50.22,98,100,0.63,light rain,2021-08-18 00:11:43
128,Katherine,AU,-14.4667,132.2667,71.92,35,95,8.05,overcast clouds,2021-08-18 00:11:43
129,Shuyskoye,RU,59.3736,41.0305,60.21,96,100,5.39,overcast clouds,2021-08-18 00:11:44
130,Labuhan,ID,-6.8844,112.2051,78.4,77,44,7.92,scattered clouds,2021-08-18 00:11:44
131,Astara,AZ,38.5,48.6667,61.5,28,0,3.6,clear sky,2021-08-18 00:11:44
132,Ordzhonikidze,KZ,52.4411,61.7408,70.56,48,71,4.0,broken clouds,2021-08-18 00:11:45
133,Okato,NZ,-39.2,173.8833,52.43,81,90,11.23,light rain,2021-08-18 00:11:45
134,Margate,GB,51.3813,1.3862,62.46,80,100,13.13,overcast clouds,2021-08-18 00:18:27
135,Bethel,US,41.3712,-73.414,74.98,79,100,3.85,overcast clouds,2021-08-18 00:18:03
136,Brotas,BR,-22.2842,-48.1267,72.14,35,4,4.32,clear sky,2021-08-18 00:11:46
137,Conceicao Do Araguaia,BR,-8.2578,-49.2647,76.12,31,0,2.06,clear sky,2021-08-18 00:09:07
138,Ninotsminda,GE,41.2646,43.5916,54.05,64,0,6.82,clear sky,2021-08-18 00:11:47
139,Aksu,CN,41.1231,80.2644,66.36,32,0,1.16,clear sky,2021-08-18 00:11:47
140,Bluff,NZ,-46.6,168.3333,44.8,69,73,21.92,broken clouds,2021-08-18 00:11:47
141,Salinopolis,BR,-0.6136,-47.3561,78.6,85,7,13.8,clear sky,2021-08-18 00:18:28
142,Ignacio De La Llave,MX,18.7167,-95.9833,88.2,76,46,5.79,scattered clouds,2021-08-18 00:11:48
143,Sioux Lookout,CA,50.1001,-91.917,84.58,61,90,3.44,overcast clouds,2021-08-18 00:18:29
144,Caibarien,CU,22.5206,-79.4669,85.32,82,89,18.57,overcast clouds,2021-08-18 00:11:49
145,Quang Ngai,VN,15.1167,108.8,80.6,71,17,3.83,few clouds,2021-08-18 00:18:29
146,Aklavik,CA,68.2191,-135.0107,50.83,91,100,15.37,overcast clouds,2021-08-18 00:18:30
147,Kavieng,PG,-2.5744,150.7967,84.63,66,16,9.6,few clouds,2021-08-18 00:18:30
148,Shar,KZ,49.5886,81.0453,62.96,76,97,8.97,overcast clouds,2021-08-18 00:11:49
149,Nova Granada,BR,-20.5339,-49.3142,76.68,27,8,5.23,clear sky,2021-08-18 00:11:49
150,Pandan,PH,14.0453,124.1694,82.51,78,97,3.4,overcast clouds,2021-08-18 00:11:50
151,Vista Hermosa,MX,19.5167,-99.2167,62.51,77,75,6.91,light rain,2021-08-18 00:11:50
152,Athabasca,CA,54.7169,-113.2854,64.31,42,93,7.43,overcast clouds,2021-08-18 00:11:51
153,Batagay,RU,67.6333,134.6333,61.09,49,100,3.58,overcast clouds,2021-08-18 00:18:31
154,Saskylakh,RU,71.9167,114.0833,59.65,68,96,8.75,overcast clouds,2021-08-18 00:11:51
155,Dekar,BW,-21.5333,21.9333,59.52,29,0,10.02,clear sky,2021-08-18 00:11:51
156,Port Alfred,ZA,-33.5906,26.891,57.33,83,27,9.08,scattered clouds,2021-08-18 00:10:12
157,Tygda,RU,53.1167,126.3333,68.11,78,99,2.13,overcast clouds,2021-08-18 00:11:52
158,Alice Springs,AU,-23.7,133.8833,54.95,28,0,3.44,clear sky,2021-08-18 00:18:32
159,Arroio Grande,BR,-32.2375,-53.0869,57.42,96,49,3.83,scattered clouds,2021-08-18 00:11:52
160,Shiojiri,JP,36.1,137.9667,72.95,88,75,14.97,light intensity shower rain,2021-08-18 00:11:53
161,Lakes Entrance,AU,-37.8811,147.981,54.18,62,77,6.78,broken clouds,2021-08-18 00:11:53
162,Malanje,AO,-9.5402,16.341,68.52,57,47,4.43,scattered clouds,2021-08-18 00:11:53
163,Abashiri,JP,44.0213,144.2697,62.89,77,75,14.97,light intensity shower rain,2021-08-18 00:18:32
164,Cherskiy,RU,68.75,161.3,51.08,50,43,5.61,scattered clouds,2021-08-18 00:18:33
165,Ust-Maya,RU,60.4167,134.5333,59.52,85,98,8.32,overcast clouds,2021-08-18 00:11:54
166,Araguacu,BR,-12.9306,-49.8264,80.08,26,12,5.61,few clouds,2021-08-18 00:11:54
167,Sangar,RU,63.9242,127.4739,54.32,94,100,6.06,light rain,2021-08-18 00:11:55
168,Manaquiri,BR,-3.3167,-60.35,79.57,69,60,2.21,broken clouds,2021-08-18 00:11:55
169,Carauari,BR,-4.8828,-66.8958,74.41,86,82,0.76,light rain,2021-08-18 00:11:56
170,Marshall,US,34.3834,-86.3333,82.45,61,1,0.0,clear sky,2021-08-18 00:06:09
171,Port Lincoln,AU,-34.7333,135.8667,53.28,69,98,5.7,overcast clouds,2021-08-18 00:11:56
172,Piranhas,BR,-16.4269,-51.8222,79.52,26,9,1.57,clear sky,2021-08-18 00:11:57
173,Kosonsoy,UZ,41.2561,71.5508,63.7,24,0,6.15,clear sky,2021-08-18 00:11:57
174,Mana,GF,5.6592,-53.7767,78.53,89,13,10.2,few clouds,2021-08-18 00:18:34
175,Georgetown,MY,5.4112,100.3354,76.93,91,20,0.0,few clouds,2021-08-18 00:11:57
176,Mineiros,BR,-17.5694,-52.5511,74.75,28,10,4.99,clear sky,2021-08-18 00:11:58
177,Lavrentiya,RU,65.5833,-171.0,43.23,64,47,8.32,scattered clouds,2021-08-18 00:11:58
178,Apostolove,UA,47.66,33.7137,68.36,81,0,2.59,clear sky,2021-08-18 00:11:59
179,Te Anau,NZ,-45.4167,167.7167,43.54,77,69,2.8,broken clouds,2021-08-18 00:18:35
180,Sur,OM,22.5667,59.5289,80.46,73,9,11.41,clear sky,2021-08-18 00:18:36
181,Saint-Philippe,RE,-21.3585,55.7679,67.59,79,57,12.35,light rain,2021-08-18 00:11:59
182,Zhangye,CN,38.9342,100.4517,69.55,53,100,3.78,overcast clouds,2021-08-18 00:12:00
183,Belaya Gora,RU,68.5333,146.4167,55.76,45,100,11.25,overcast clouds,2021-08-18 00:18:36
184,Mantua,IT,45.1667,10.7833,72.64,74,53,5.99,broken clouds,2021-08-18 00:16:33
185,Tomatlan,MX,19.9333,-105.25,82.85,81,51,6.98,broken clouds,2021-08-18 00:12:00
186,Tazovskiy,RU,67.4667,78.7,42.94,88,73,7.61,broken clouds,2021-08-18 00:08:49
187,Mount Isa,AU,-20.7333,139.5,74.97,17,78,13.8,broken clouds,2021-08-18 00:18:37
188,Severo-Kurilsk,RU,50.6789,156.125,55.2,79,53,13.02,broken clouds,2021-08-18 00:18:37
189,Poltavka,RU,54.3663,71.7632,63.93,58,41,7.36,scattered clouds,2021-08-18 00:18:37
190,Bolshoy Kamen,RU,43.1225,132.3583,71.49,61,30,2.48,scattered clouds,2021-08-18 00:12:01
191,Tucurui,BR,-3.7661,-49.6725,78.96,44,10,2.93,clear sky,2021-08-18 00:12:02
192,Klaksvik,FO,62.2266,-6.589,52.72,98,100,9.62,overcast clouds,2021-08-18 00:12:02
193,Livingston,GB,55.9029,-3.5226,56.68,88,0,6.91,clear sky,2021-08-18 00:12:03
194,Santa Rosalia,MX,27.3167,-112.2833,87.42,55,11,7.34,few clouds,2021-08-18 00:12:03
195,Jacksonville,US,30.3322,-81.6556,84.97,84,75,1.01,haze,2021-08-18 00:08:59
196,Hay River,CA,60.8156,-115.7999,62.96,54,30,5.26,scattered clouds,2021-08-18 00:15:06
197,Terni,IT,42.6833,12.3167,67.62,73,5,1.54,clear sky,2021-08-18 00:12:04
198,Takaka,NZ,-40.85,172.8,54.55,81,62,5.01,broken clouds,2021-08-18 00:12:04
199,Isangel,VU,-19.55,169.2667,79.21,71,83,3.11,broken clouds,2021-08-18 00:12:05
200,Pavelets,RU,53.7883,39.246,68.22,72,11,7.76,few clouds,2021-08-18 00:12:05
201,Aykhal,RU,66.0,111.5,54.59,70,100,2.33,overcast clouds,2021-08-18 00:12:06
202,Valparaiso,CL,-33.0393,-71.6273,59.92,88,90,4.61,light rain,2021-08-18 00:18:39
203,Aksarka,RU,66.5606,67.7975,44.26,86,89,8.19,overcast clouds,2021-08-18 00:18:40
204,Labrea,BR,-7.2586,-64.7981,80.91,58,60,2.06,broken clouds,2021-08-18 00:12:06
205,Cockburn Town,TC,21.4612,-71.1419,82.53,81,100,20.56,overcast clouds,2021-08-18 00:12:07
206,Elizabeth City,US,36.2946,-76.2511,84.22,81,1,4.61,clear sky,2021-08-18 00:10:30
207,Saint-Junien,FR,45.8833,0.9,61.74,93,3,0.29,clear sky,2021-08-18 00:12:07
208,Saint-Prosper,CA,46.2117,-70.4811,72.68,75,100,2.17,overcast clouds,2021-08-18 00:12:08
209,Tres Arroyos,AR,-38.3739,-60.2798,56.89,37,100,5.06,overcast clouds,2021-08-18 00:12:08
210,Devonport,AU,-41.1667,146.35,51.1,69,83,8.84,broken clouds,2021-08-18 00:12:08
211,Spas-Demensk,RU,54.4122,34.0226,62.49,73,8,4.94,clear sky,2021-08-18 00:12:09
212,Fairbanks,US,64.8378,-147.7164,51.76,92,90,1.99,light rain,2021-08-18 00:18:41
213,Sal Rei,CV,16.1833,-22.9167,77.61,88,100,5.57,overcast clouds,2021-08-18 00:09:19
214,Fiumicino,IT,41.7675,12.2291,77.99,83,40,5.75,scattered clouds,2021-08-18 00:12:09
215,Sompeta,IN,18.9333,84.6,79.65,86,100,7.83,overcast clouds,2021-08-18 00:12:10
216,Toucheng,TW,24.8592,121.8233,84.15,86,100,1.19,light rain,2021-08-18 00:12:10
217,Vardo,NO,70.3705,31.1107,47.91,77,92,6.29,overcast clouds,2021-08-18 00:18:42
218,Anadyr,RU,64.75,177.4833,46.9,93,75,13.42,light intensity shower rain,2021-08-18 00:12:11
219,San Matias,BO,-16.3667,-58.4,83.84,22,0,4.97,clear sky,2021-08-18 00:12:11
220,Bubaque,GW,11.2833,-15.8333,79.74,82,100,20.0,overcast clouds,2021-08-18 00:18:42
221,Vilhena,BR,-12.7406,-60.1458,76.68,33,5,5.28,clear sky,2021-08-18 00:18:43
222,Alpena,US,45.0617,-83.4327,75.34,78,1,9.22,clear sky,2021-08-18 00:12:12
223,Bukama,CD,-9.2,25.85,73.22,38,0,1.34,clear sky,2021-08-18 00:12:12
224,Koppang,NO,61.5706,11.0555,48.6,84,19,7.34,few clouds,2021-08-18 00:12:12
225,Orange,US,33.7,-117.7675,93.24,72,20,1.99,few clouds,2021-08-18 00:09:26
226,Del Rio,US,29.3627,-100.8968,78.91,83,90,5.75,light rain,2021-08-18 00:18:43
227,Yangambi,CD,0.8102,24.4336,70.56,91,85,3.76,overcast clouds,2021-08-18 00:12:13
228,Paamiut,GL,61.994,-49.6678,46.44,93,100,15.68,light rain,2021-08-18 00:18:44
229,Fort Nelson,CA,58.8053,-122.7002,72.45,40,65,5.44,broken clouds,2021-08-18 00:15:09
230,Zeya,RU,53.75,127.2667,69.46,78,100,0.47,overcast clouds,2021-08-18 00:18:44
231,Kaitangata,NZ,-46.2817,169.8464,46.58,75,31,12.17,scattered clouds,2021-08-18 00:18:45
232,Assiniboia,CA,49.6334,-105.9845,73.31,34,17,24.16,few clouds,2021-08-18 00:18:45
233,Havoysund,NO,70.9963,24.6622,45.48,78,76,10.96,broken clouds,2021-08-18 00:12:14
234,Manggar,ID,-2.8833,108.2667,80.67,77,100,7.38,overcast clouds,2021-08-18 00:12:14
235,Nelson Bay,AU,-32.7167,152.15,61.95,84,99,1.01,overcast clouds,2021-08-18 00:18:46
236,Cootamundra,AU,-34.65,148.0333,51.94,72,0,3.8,clear sky,2021-08-18 00:08:48
237,Saint-Agapit,CA,46.5629,-71.4352,72.59,73,99,4.21,overcast clouds,2021-08-18 00:12:15
238,Jinan,CN,36.6683,116.9972,76.28,65,89,6.04,light rain,2021-08-18 00:10:10
239,Sao Filipe,CV,14.8961,-24.4956,77.9,88,78,1.52,broken clouds,2021-08-18 00:18:46
240,Jalu,LY,29.0331,21.5482,79.77,51,0,9.42,clear sky,2021-08-18 00:18:47
241,Kloulklubed,PW,7.0419,134.2556,84.7,69,48,0.36,scattered clouds,2021-08-18 00:12:15
242,Morondava,MG,-20.2833,44.2833,67.55,82,0,5.64,clear sky,2021-08-18 00:12:15
243,Oistins,BB,13.0667,-59.5333,82.49,74,40,17.27,scattered clouds,2021-08-18 00:18:25
244,Fairview,US,40.8126,-73.999,76.86,77,1,0.0,clear sky,2021-08-18 00:12:16
245,Vao,NC,-22.6667,167.4833,69.42,77,2,6.64,clear sky,2021-08-18 00:12:16
246,Araci,BR,-11.3333,-38.9667,67.28,79,100,8.43,overcast clouds,2021-08-18 00:12:17
247,Sumbe,AO,-11.2061,13.8437,69.55,93,59,4.45,broken clouds,2021-08-18 00:18:48
248,Mahebourg,MU,-20.4081,57.7,69.26,83,20,13.8,light rain,2021-08-18 00:18:48
249,Sandnessjoen,NO,66.0217,12.6316,53.58,88,35,8.05,scattered clouds,2021-08-18 00:12:17
250,Snasa,NO,64.2457,12.3778,49.87,95,54,2.89,broken clouds,2021-08-18 00:12:17
251,Tessalit,ML,20.1986,1.0114,92.14,30,90,13.49,overcast clouds,2021-08-18 00:18:48
252,Kinghorn,GB,56.069,-3.1761,57.43,86,0,6.91,clear sky,2021-08-18 00:12:18
253,Norman Wells,CA,65.282,-126.8329,69.84,49,90,4.61,overcast clouds,2021-08-18 00:18:49
254,Huarmey,PE,-10.0681,-78.1522,64.2,80,18,8.79,few clouds,2021-08-18 00:18:49
255,Souillac,MU,-20.5167,57.5167,69.37,78,78,17.07,light rain,2021-08-18 00:12:18
256,Port Hedland,AU,-20.3167,118.5667,64.45,42,0,3.44,clear sky,2021-08-18 00:12:19
257,Tuatapere,NZ,-46.1333,167.6833,45.82,75,60,8.77,broken clouds,2021-08-18 00:18:50
258,Okahandja,NA,-21.9833,16.9167,52.83,45,0,5.21,clear sky,2021-08-18 00:12:19
259,Tucuman,AR,-26.8241,-65.2226,71.49,29,0,4.07,clear sky,2021-08-18 00:18:23
260,Nuuk,GL,64.1835,-51.7216,48.81,100,90,12.66,light snow,2021-08-18 00:17:10
261,Shenzhen,CN,22.5455,114.0683,86.86,82,100,3.85,light rain,2021-08-18 00:11:29
262,Iqaluit,CA,63.7506,-68.5145,45.18,79,97,4.38,overcast clouds,2021-08-18 00:12:20
263,Kilindoni,TZ,-7.9139,39.6668,75.11,78,17,12.24,few clouds,2021-08-18 00:12:20
264,Rock Hill,US,34.9249,-81.0251,80.78,84,75,10.36,broken clouds,2021-08-18 00:12:21
265,College,US,64.8569,-147.8028,51.75,93,90,4.61,light rain,2021-08-18 00:18:51
266,Beringovskiy,RU,63.05,179.3167,44.2,94,100,15.68,moderate rain,2021-08-18 00:18:51
267,Ribeira Grande,PT,38.5167,-28.7,74.35,87,5,8.46,clear sky,2021-08-18 00:12:21
268,Bengkulu,ID,-3.8004,102.2655,75.24,87,82,3.15,broken clouds,2021-08-18 00:12:21
269,Alenquer,BR,-1.9417,-54.7383,79.14,68,48,4.65,scattered clouds,2021-08-18 00:12:22
270,Ergani,TR,38.2653,39.7621,79.52,31,0,6.62,clear sky,2021-08-18 00:12:22
271,Mazara Del Vallo,IT,37.6641,12.588,78.01,79,1,19.71,clear sky,2021-08-18 00:12:23
272,Salamiyah,SY,35.0113,37.0532,71.82,80,0,13.69,clear sky,2021-08-18 00:12:23
273,Pangal,IN,16.2761,78.1189,72.12,92,100,10.38,overcast clouds,2021-08-18 00:12:23
274,Avera,US,33.194,-82.5271,81.91,73,47,13.65,scattered clouds,2021-08-18 00:18:52
275,Chifeng,CN,42.2683,118.9636,68.05,65,91,0.49,overcast clouds,2021-08-18 00:12:24
276,Aquin,HT,18.2833,-73.4,80.37,84,100,9.4,overcast clouds,2021-08-18 00:12:24
277,Prince Rupert,CA,54.3161,-130.3201,58.75,74,99,5.03,overcast clouds,2021-08-18 00:12:24
278,Cidreira,BR,-30.1811,-50.2056,60.55,94,46,6.98,scattered clouds,2021-08-18 00:18:53
279,Maceio,BR,-9.6658,-35.7353,73.33,82,10,11.41,clear sky,2021-08-18 00:14:06
280,Vanavara,RU,60.34,102.2797,54.39,84,18,4.68,few clouds,2021-08-18 00:12:25
281,Srednekolymsk,RU,67.45,153.6833,51.71,44,67,5.1,broken clouds,2021-08-18 00:09:44
282,Gravdal,NO,68.1214,13.5031,50.43,82,20,11.83,few clouds,2021-08-18 00:12:26
283,Caceres,ES,39.522,-6.3748,74.8,22,0,7.14,clear sky,2021-08-18 00:12:26
284,Sinaloa,MX,25.0,-107.5,85.1,79,92,1.01,overcast clouds,2021-08-18 00:12:26
285,Ilulissat,GL,69.2167,-51.1,55.42,54,34,12.66,scattered clouds,2021-08-18 00:12:24
286,Zhigansk,RU,66.7697,123.3711,57.58,56,100,10.94,overcast clouds,2021-08-18 00:18:54
287,Bowen,AU,-20.0167,148.2333,72.1,39,6,10.13,clear sky,2021-08-18 00:09:49
288,Hong Gai,VN,20.956,107.0946,82.31,83,13,2.55,few clouds,2021-08-18 00:12:27
289,Salalah,OM,17.0151,54.0924,77.09,94,90,5.75,light intensity drizzle,2021-08-18 00:18:55
290,San Jose,US,37.3394,-121.895,87.78,39,20,1.99,few clouds,2021-08-18 00:18:04
291,Doha,QA,25.2867,51.5333,91.38,66,0,4.61,clear sky,2021-08-18 00:09:42
292,Matara,LK,5.9485,80.5353,77.04,87,100,10.85,overcast clouds,2021-08-18 00:12:27
293,Vallenar,CL,-28.5708,-70.7581,66.79,32,0,2.84,clear sky,2021-08-18 00:18:55
294,Brigantine,US,39.4101,-74.3646,77.32,88,40,8.05,scattered clouds,2021-08-18 00:18:55
295,Svetlyy,RU,54.675,20.1347,59.05,81,90,24.72,overcast clouds,2021-08-18 00:12:28
296,Barguzin,RU,53.6167,109.6167,55.45,98,100,4.68,moderate rain,2021-08-18 00:12:28
297,Namtsy,RU,62.7161,129.6658,62.71,90,100,11.99,light rain,2021-08-18 00:18:56
298,Pisco,PE,-13.7,-76.2167,62.65,82,90,11.5,overcast clouds,2021-08-18 00:14:56
299,Luderitz,NA,-26.6481,15.1594,52.93,82,0,4.88,clear sky,2021-08-18 00:12:29
300,Amga,RU,60.8953,131.9608,60.62,81,98,8.41,overcast clouds,2021-08-18 00:18:56
301,Hambantota,LK,6.1241,81.1185,78.37,79,100,15.66,overcast clouds,2021-08-18 00:18:57
302,Novikovo,RU,51.1537,37.8879,71.8,58,31,2.24,scattered clouds,2021-08-18 00:12:29
303,Gisborne,NZ,-38.6533,178.0042,59.32,56,16,11.34,few clouds,2021-08-18 00:09:00
304,Dunedin,NZ,-45.8742,170.5036,49.8,52,28,14.0,scattered clouds,2021-08-18 00:12:30
305,Sri Aman,MY,1.2376,111.4621,73.9,98,100,1.74,moderate rain,2021-08-18 00:12:30
306,Xining,CN,36.6167,101.7667,64.47,61,99,3.6,overcast clouds,2021-08-18 00:12:31
307,Ust-Nera,RU,64.5667,143.2,59.36,60,10,2.13,clear sky,2021-08-18 00:12:31
308,Pocoes,BR,-14.5297,-40.3653,58.23,89,9,4.47,clear sky,2021-08-18 00:12:31
309,Rio Claro,BR,-22.4114,-47.5614,72.32,37,32,2.57,scattered clouds,2021-08-18 00:12:32
310,Oyama,JP,36.3,139.8,85.66,79,73,8.63,broken clouds,2021-08-18 00:12:32
311,Adrar,MR,20.5022,-10.0711,95.67,23,76,9.01,broken clouds,2021-08-18 00:18:58
312,Lagoa,PT,39.05,-27.9833,73.47,87,11,8.37,few clouds,2021-08-18 00:12:32
313,Uribia,CO,11.7139,-72.266,86.41,57,92,16.96,overcast clouds,2021-08-18 00:12:33
314,Veinticinco De Mayo,AR,-35.4323,-60.1727,62.06,86,99,7.67,light rain,2021-08-18 00:12:33
315,Hami,CN,42.8,93.45,72.84,46,23,7.38,few clouds,2021-08-18 00:18:59
316,Antofagasta,CL,-23.65,-70.4,56.48,86,48,1.9,scattered clouds,2021-08-18 00:15:52
317,Kindberg,AT,47.5,15.45,58.24,79,74,2.71,light rain,2021-08-18 00:12:34
318,Geraldton,AU,-28.7667,114.6,54.01,94,40,8.05,scattered clouds,2021-08-18 00:18:59
319,Tilichiki,RU,60.4667,166.1,52.61,81,100,7.23,overcast clouds,2021-08-18 00:19:00
320,Biak,ID,-0.9131,122.8766,77.81,81,68,9.01,broken clouds,2021-08-18 00:19:00
321,Rocky Mountain House,CA,52.3668,-114.9188,58.84,73,98,6.51,overcast clouds,2021-08-18 00:12:34
322,Kruisfontein,ZA,-34.0033,24.7314,48.88,74,81,5.57,broken clouds,2021-08-18 00:12:35
323,Kardla,EE,58.9978,22.7492,58.05,85,39,18.25,scattered clouds,2021-08-18 00:12:35
324,Leningradskiy,RU,69.3833,178.4167,38.3,69,92,5.37,overcast clouds,2021-08-18 00:19:01
325,Pangai,TO,-19.8,-174.35,78.91,73,75,16.11,light rain,2021-08-18 00:19:01
326,Kieta,PG,-6.2167,155.6333,83.82,67,8,3.56,clear sky,2021-08-18 00:19:01
327,Issoudun,FR,47.0,1.8333,62.29,77,90,5.75,overcast clouds,2021-08-18 00:12:36
328,Bilma,NE,18.6853,12.9164,88.52,45,51,11.7,broken clouds,2021-08-18 00:19:02
329,Deputatskiy,RU,69.3,139.9,53.91,54,100,2.08,overcast clouds,2021-08-18 00:12:16
330,Acari,PE,-15.4311,-74.6158,65.05,73,93,3.36,overcast clouds,2021-08-18 00:12:36
331,Kuching,MY,1.55,110.3333,75.42,94,40,0.0,light rain,2021-08-18 00:12:37
332,Provideniya,RU,64.3833,-173.3,42.91,75,90,8.95,overcast clouds,2021-08-18 00:12:37
333,Acarau,BR,-2.8856,-40.12,78.12,78,35,15.5,scattered clouds,2021-08-18 00:19:02
334,Quatre Cocos,MU,-20.2078,57.7625,69.1,76,95,18.07,light rain,2021-08-18 00:12:37
335,Port Blair,IN,11.6667,92.75,80.85,79,100,11.65,light rain,2021-08-18 00:12:38
336,Mizan Teferi,ET,6.9833,35.5833,59.0,89,57,3.11,broken clouds,2021-08-18 00:12:38
337,Libreville,GA,0.3925,9.4537,75.22,94,75,1.14,thunderstorm with light rain,2021-08-18 00:12:38
338,Marsabit,KE,2.3284,37.9899,62.17,71,76,22.37,broken clouds,2021-08-18 00:12:39
339,Mae Sai,TH,20.4335,99.8762,71.96,100,100,0.69,overcast clouds,2021-08-18 00:12:39
340,Falun,SE,60.6036,15.626,55.94,96,100,10.47,heavy intensity rain,2021-08-18 00:12:39
341,Mosquera,CO,4.7059,-74.2302,57.29,88,75,3.44,broken clouds,2021-08-18 00:12:40
342,Yakeshi,CN,49.2833,120.7333,62.94,78,100,2.3,overcast clouds,2021-08-18 00:12:40
343,Coquimbo,CL,-29.9533,-71.3436,56.93,94,0,2.3,clear sky,2021-08-18 00:15:32
344,Mpanda,TZ,-6.3655,31.0409,67.62,54,48,1.03,scattered clouds,2021-08-18 00:12:41
345,Vila Franca Do Campo,PT,37.7167,-25.4333,72.01,83,0,2.17,clear sky,2021-08-18 00:12:41
346,Kamenskiy,RU,50.8855,45.488,72.32,56,74,5.79,broken clouds,2021-08-18 00:12:41
347,Awjilah,LY,29.1081,21.2869,79.09,53,0,8.61,clear sky,2021-08-18 00:19:04
348,Emerald,AU,-23.5333,148.1667,65.84,32,61,15.93,broken clouds,2021-08-18 00:12:42
349,Marovoay,MG,-16.1,46.6333,68.14,69,0,7.23,clear sky,2021-08-18 00:12:42
350,Soc Trang,VN,9.6033,105.98,76.96,87,100,2.06,overcast clouds,2021-08-18 00:07:43
351,Bambanglipuro,ID,-7.95,110.2833,76.86,84,64,5.46,broken clouds,2021-08-18 00:12:43
352,La Ronge,CA,55.1001,-105.2842,57.45,62,90,8.05,overcast clouds,2021-08-18 00:19:05
353,Zalantun,CN,48.0,122.7167,69.66,75,9,3.33,clear sky,2021-08-18 00:12:43
354,Nabire,ID,-3.3667,135.4833,82.18,72,65,2.3,broken clouds,2021-08-18 00:12:43
355,Axim,GH,4.8699,-2.2405,76.01,80,80,8.21,broken clouds,2021-08-18 00:19:05
356,Jian,CN,27.1172,114.9793,78.39,87,100,1.48,overcast clouds,2021-08-18 00:12:44
357,Mugur-Aksy,RU,50.35,90.5,46.87,80,38,3.6,scattered clouds,2021-08-18 00:12:44
358,Singapore,SG,1.2897,103.8501,78.71,91,75,2.3,heavy intensity rain,2021-08-18 00:07:57
359,Uyemskiy,RU,64.4743,40.8524,50.05,100,0,4.47,clear sky,2021-08-18 00:12:44
360,Mani,CO,4.8172,-72.2886,76.17,88,77,2.71,broken clouds,2021-08-18 00:12:45
361,Kingaroy,AU,-26.5333,151.8333,62.04,63,91,7.81,overcast clouds,2021-08-18 00:12:45
362,Caucaia,BR,-3.7361,-38.6531,80.04,76,75,8.52,broken clouds,2021-08-18 00:12:45
363,Yining,CN,29.0361,114.5636,78.06,93,98,1.63,overcast clouds,2021-08-18 00:09:37
364,Houma,US,29.5958,-90.7195,88.0,71,40,6.91,scattered clouds,2021-08-18 00:19:07
365,Alepe,CI,5.5004,-3.6631,76.87,87,15,4.0,few clouds,2021-08-18 00:12:46
366,Bandar,ID,2.05,99.75,72.27,99,100,1.48,overcast clouds,2021-08-18 00:12:46
367,Feldbach,AT,46.9531,15.8883,61.83,70,81,1.54,broken clouds,2021-08-18 00:12:47
368,Saint Anthony,US,45.0205,-93.218,88.18,59,20,8.05,few clouds,2021-08-18 00:12:47
369,Zyryanka,RU,65.75,150.85,57.78,52,80,11.21,broken clouds,2021-08-18 00:19:08
370,Tabory,RU,58.5198,64.5495,57.31,87,94,3.56,overcast clouds,2021-08-18 00:19:08
371,Bolotnoye,RU,55.6717,84.3981,57.0,83,65,1.97,broken clouds,2021-08-18 00:12:48
372,Vangaindrano,MG,-23.35,47.6,64.18,91,99,4.61,light rain,2021-08-18 00:12:49
373,Puerto Escondido,MX,15.85,-97.0667,86.83,66,40,17.27,scattered clouds,2021-08-18 00:12:49
374,Manokwari,ID,-0.8667,134.0833,82.29,68,63,3.53,broken clouds,2021-08-18 00:12:49
375,Port-Gentil,GA,-0.7193,8.7815,75.31,90,100,9.37,moderate rain,2021-08-18 00:12:50
376,Tezu,IN,27.9167,96.1667,75.79,100,100,1.63,overcast clouds,2021-08-18 00:19:09
377,Ugoofaaru,MV,5.6667,73.0,79.79,79,100,14.0,overcast clouds,2021-08-18 00:09:31
378,Meulaboh,ID,4.1363,96.1285,74.5,91,97,3.2,overcast clouds,2021-08-18 00:09:19
379,Udachnyy,RU,66.4167,112.4,56.08,67,100,2.21,overcast clouds,2021-08-18 00:19:10
380,Muravlenko,RU,63.7898,74.523,53.42,86,99,11.54,overcast clouds,2021-08-18 00:12:50
381,Darovskoy,RU,58.77,47.9564,58.82,91,78,4.07,broken clouds,2021-08-18 00:12:51
382,Kasongo-Lunda,CD,-6.4667,16.8167,74.28,69,64,2.77,broken clouds,2021-08-18 00:12:51
383,Sinnamary,GF,5.3833,-52.95,78.85,86,5,8.59,clear sky,2021-08-18 00:19:11
384,Ribas Do Rio Pardo,BR,-20.4431,-53.7592,79.32,26,10,3.0,clear sky,2021-08-18 00:12:52
385,Siuna,NI,13.7332,-84.7773,79.43,80,83,3.09,broken clouds,2021-08-18 00:12:52
386,Faanui,PF,-16.4833,-151.75,78.35,75,4,5.91,light rain,2021-08-18 00:12:52
387,Rio Grande,BR,-32.035,-52.0986,56.95,95,58,5.41,broken clouds,2021-08-18 00:17:00
388,Si Bun Ruang,TH,16.9667,102.2833,77.11,87,63,1.86,broken clouds,2021-08-18 00:12:53
389,Indramayu,ID,-6.3264,108.32,78.04,68,82,6.82,broken clouds,2021-08-18 00:12:53
390,Caravelas,BR,-17.7125,-39.2481,70.23,85,0,5.5,clear sky,2021-08-18 00:19:12
391,Shingu,JP,33.7333,135.9833,74.91,91,95,8.93,overcast clouds,2021-08-18 00:12:54
392,Ha Giang,VN,22.8333,104.9833,78.44,88,95,0.72,overcast clouds,2021-08-18 00:12:54
393,Matay,EG,28.419,30.7792,80.98,47,0,12.93,clear sky,2021-08-18 00:12:55
394,Raudeberg,NO,61.9875,5.1352,56.07,85,85,11.79,overcast clouds,2021-08-18 00:12:55
395,Kousseri,CM,12.0769,15.0306,77.83,81,57,1.41,broken clouds,2021-08-18 00:12:56
396,Goma,CD,-1.6792,29.2228,65.46,73,81,2.95,broken clouds,2021-08-18 00:19:13
397,San Patricio,US,28.017,-97.5169,90.32,59,96,15.12,overcast clouds,2021-08-18 00:12:56
398,Kalemie,CD,-5.9475,29.1947,72.34,62,13,1.01,few clouds,2021-08-18 00:12:56
399,Maracas,BR,-13.4411,-40.4308,58.15,84,34,7.47,scattered clouds,2021-08-18 00:12:56
400,Bayburt,TR,40.2589,40.2278,59.67,82,29,1.01,scattered clouds,2021-08-18 00:12:57
401,Sussex,US,41.1834,-74.6663,75.34,87,90,5.75,light rain,2021-08-18 00:12:57
402,Kumluca,TR,36.3703,30.2869,81.18,50,0,4.16,clear sky,2021-08-18 00:12:57
403,Manta,EC,-0.95,-80.7333,73.18,83,0,11.5,clear sky,2021-08-18 00:19:14
404,Bauchi,NG,10.5,10.0,70.18,91,97,2.42,overcast clouds,2021-08-18 00:12:58
405,Yulara,AU,-25.2406,130.9889,58.84,25,0,11.5,clear sky,2021-08-18 00:12:58
406,Aswan,EG,24.0934,32.907,86.52,27,4,10.13,clear sky,2021-08-18 00:12:59
407,Berlevag,NO,70.8578,29.0864,46.92,78,74,4.99,broken clouds,2021-08-18 00:19:14
408,Soyo,AO,-6.1349,12.3689,74.98,82,70,7.83,broken clouds,2021-08-18 00:12:59
409,Faya,SA,18.3851,42.4509,64.92,35,77,3.18,broken clouds,2021-08-18 00:12:59
410,Turbat,PK,26.0023,63.044,78.39,77,1,2.42,clear sky,2021-08-18 00:13:00
411,Winona,US,43.9666,-91.7668,80.62,65,1,0.0,clear sky,2021-08-18 00:13:00
412,Belle Glade,US,26.6845,-80.6676,86.02,77,100,8.72,overcast clouds,2021-08-18 00:13:01
413,Guerrero Negro,MX,27.9769,-114.0611,81.1,59,1,15.37,clear sky,2021-08-18 00:19:15
414,Tautira,PF,-17.7333,-149.15,82.42,87,15,24.07,moderate rain,2021-08-18 00:09:23
415,Hirado,JP,33.3597,129.5531,74.55,82,100,13.33,light rain,2021-08-18 00:09:24
416,Chuguyevka,RU,44.1653,133.8633,73.38,64,89,2.24,overcast clouds,2021-08-18 00:13:01
417,Hobyo,SO,5.3505,48.5268,76.35,80,100,26.57,overcast clouds,2021-08-18 00:13:02
418,Nome,US,64.5011,-165.4064,52.16,44,75,4.61,broken clouds,2021-08-18 00:13:02
419,Cabo San Lucas,MX,22.8909,-109.9124,88.52,70,40,8.99,scattered clouds,2021-08-18 00:09:54
420,Gunnedah,AU,-30.9833,150.25,62.22,54,0,8.9,clear sky,2021-08-18 00:13:02
421,Abha,SA,18.2164,42.5053,64.65,52,0,0.0,clear sky,2021-08-18 00:13:03
422,Taybad,IR,34.74,60.7756,72.1,22,0,16.08,clear sky,2021-08-18 00:09:11
423,Teya,RU,60.3778,92.6267,52.9,79,24,2.77,few clouds,2021-08-18 00:13:03
424,Saint-Francois,FR,46.4154,3.9054,60.24,72,90,4.61,overcast clouds,2021-08-18 00:13:04
425,Tual,ID,-5.6667,132.75,79.5,82,23,18.07,few clouds,2021-08-18 00:13:04
426,Pozo Colorado,PY,-23.4923,-58.7972,84.69,28,0,9.26,clear sky,2021-08-18 00:19:17
427,Broken Hill,AU,-31.95,141.4333,54.14,55,18,2.64,few clouds,2021-08-18 00:19:17
428,Laguna,US,38.421,-121.4238,93.22,38,1,5.01,haze,2021-08-18 00:18:13
429,Plouzane,FR,48.3833,-4.6167,60.08,77,90,3.44,overcast clouds,2021-08-18 00:19:18
430,Grand Gaube,MU,-20.0064,57.6608,69.39,71,93,7.0,light rain,2021-08-18 00:13:05
431,Preobrazheniye,RU,42.9019,133.9064,71.83,57,98,3.87,overcast clouds,2021-08-18 00:13:05
432,Dunkwa,GH,5.9656,-1.78,70.66,92,52,2.55,broken clouds,2021-08-18 00:13:05
433,Qarqin,AF,37.4185,66.0436,79.18,19,78,6.35,broken clouds,2021-08-18 00:13:06
434,Katsuura,JP,35.1333,140.3,86.11,85,13,19.71,few clouds,2021-08-18 00:19:19
435,Egvekinot,RU,66.3167,-179.1667,38.39,89,100,2.95,light rain,2021-08-18 00:13:06
436,Guaimaca,HN,14.5333,-86.8167,73.78,75,78,4.05,broken clouds,2021-08-18 00:13:07
437,Darhan,MN,49.4867,105.9228,61.88,98,99,4.7,overcast clouds,2021-08-18 00:13:07
438,Sabha,LY,27.0377,14.4283,86.41,19,0,10.36,clear sky,2021-08-18 00:13:07
439,San Joaquin,US,37.9333,-121.3011,96.1,29,1,16.11,clear sky,2021-08-18 00:13:08
440,Grindavik,IS,63.8424,-22.4338,53.55,100,90,9.22,light intensity drizzle,2021-08-18 00:19:19
441,Pafos,CY,34.7667,32.4167,78.71,78,20,8.05,few clouds,2021-08-18 00:13:08
442,Igrim,RU,63.1906,64.4162,51.87,82,66,3.29,broken clouds,2021-08-18 00:19:20
443,Ulaangom,MN,49.9811,92.0667,60.24,57,26,3.69,scattered clouds,2021-08-18 00:13:09
444,Yantal,RU,56.8471,105.2542,56.82,92,99,1.92,light rain,2021-08-18 00:13:09
445,Asau,RO,46.4333,26.4,65.32,93,93,1.01,light rain,2021-08-18 00:13:10
446,Hervey Bay,AU,-25.2986,152.8535,69.91,64,86,12.88,overcast clouds,2021-08-18 00:19:21
447,Cabedelo,BR,-6.9811,-34.8339,72.27,85,1,13.29,clear sky,2021-08-18 00:19:21
448,Taywarah,AF,33.35,64.4167,51.76,22,0,4.74,clear sky,2021-08-18 00:13:10
449,Marsh Harbour,BS,26.5412,-77.0636,83.89,75,22,14.45,few clouds,2021-08-18 00:13:10
450,Ituporanga,BR,-27.4144,-49.6025,61.52,94,5,1.95,clear sky,2021-08-18 00:13:11
451,Phek,IN,25.6667,94.5,61.39,100,100,0.89,overcast clouds,2021-08-18 00:13:11
452,Smoky Lake,CA,54.1169,-112.4686,66.49,39,86,7.83,overcast clouds,2021-08-18 00:13:12
453,Acajutla,SV,13.5928,-89.8275,84.79,81,32,4.38,scattered clouds,2021-08-18 00:09:14
454,Shelburne,CA,44.0787,-80.2041,75.13,89,83,4.03,broken clouds,2021-08-18 00:13:12
455,La Seyne-Sur-Mer,FR,43.0982,5.8847,73.89,49,0,4.0,clear sky,2021-08-18 00:13:12
456,Skibotn,NO,69.3913,20.2679,46.49,81,56,4.38,broken clouds,2021-08-18 00:13:13
457,Buraydah,SA,26.326,43.975,84.42,13,28,9.48,scattered clouds,2021-08-18 00:13:13
458,Sakaiminato,JP,35.55,133.2333,73.33,90,100,8.12,overcast clouds,2021-08-18 00:13:13
459,Moron,AR,-34.6534,-58.6198,60.98,72,99,5.01,overcast clouds,2021-08-18 00:19:15
460,Cheremnoye,RU,53.1697,83.2133,55.99,83,60,7.02,broken clouds,2021-08-18 00:11:07
461,Comodoro Rivadavia,AR,-45.8667,-67.5,53.46,32,0,9.22,clear sky,2021-08-18 00:14:36
462,Brewster,US,41.3973,-73.6171,75.52,78,75,5.75,broken clouds,2021-08-18 00:13:14
463,Diffa,NE,13.3154,12.6113,78.35,66,89,2.89,overcast clouds,2021-08-18 00:13:15
464,Samarai,PG,-10.6167,150.6667,78.33,83,85,14.07,overcast clouds,2021-08-18 00:09:27
465,Poum,NC,-20.2333,164.0167,72.19,75,64,8.93,broken clouds,2021-08-18 00:19:23
466,Prince George,CA,53.9166,-122.753,76.24,31,4,1.99,clear sky,2021-08-18 00:11:40
467,Dryden,CA,49.7833,-92.7503,88.34,42,84,3.11,broken clouds,2021-08-18 00:13:15
468,Mount Gambier,AU,-37.8333,140.7667,49.91,93,90,11.5,overcast clouds,2021-08-18 00:19:24
469,Mardin,TR,37.3131,40.7436,68.11,26,0,5.44,clear sky,2021-08-18 00:13:16
470,Batemans Bay,AU,-35.7167,150.1833,59.2,50,3,3.42,clear sky,2021-08-18 00:09:38
471,Camacha,PT,33.0833,-16.3333,79.56,88,20,13.8,few clouds,2021-08-18 00:19:24
472,Bontang,ID,0.1333,117.5,78.03,84,97,3.78,overcast clouds,2021-08-18 00:16:25
473,Stokmarknes,NO,68.5646,14.9108,52.38,88,57,6.33,broken clouds,2021-08-18 00:13:17
474,Sankt Valentin,AT,48.1667,14.5167,56.14,88,95,3.65,light rain,2021-08-18 00:13:17
475,Rawson,AR,-43.3002,-65.1023,56.79,32,64,9.98,broken clouds,2021-08-18 00:19:25
476,Lompoc,US,34.6391,-120.4579,78.1,78,90,10.36,mist,2021-08-18 00:13:18
477,Iquique,CL,-20.2208,-70.1431,59.04,77,45,3.33,scattered clouds,2021-08-18 00:16:52
478,Nanao,JP,37.05,136.9667,77.29,94,100,8.59,moderate rain,2021-08-18 00:13:18
479,Campana,AR,-34.1687,-58.9591,61.09,87,85,6.55,overcast clouds,2021-08-18 00:13:19
480,The Pas,CA,53.8251,-101.2541,70.25,34,62,9.66,broken clouds,2021-08-18 00:13:19
481,Hualmay,PE,-11.0964,-77.6139,63.28,79,39,9.82,scattered clouds,2021-08-18 00:19:26
482,Kavaratti,IN,10.5669,72.642,80.28,81,97,16.67,overcast clouds,2021-08-18 00:19:26
483,Fortuna,US,40.5982,-124.1573,76.42,62,20,1.99,few clouds,2021-08-18 00:19:27
484,Miquelon,PM,47.0975,-56.3814,64.51,86,81,14.83,broken clouds,2021-08-18 00:13:20
485,Coihaique,CL,-45.5752,-72.0662,39.81,93,90,3.44,light rain,2021-08-18 00:19:27
486,Boyolangu,ID,-8.1181,111.8935,75.76,88,87,5.75,overcast clouds,2021-08-18 00:13:20
487,Tabuk,PH,17.4189,121.4443,79.83,77,100,4.94,overcast clouds,2021-08-18 00:13:21
488,Itarema,BR,-2.9248,-39.9167,78.21,78,34,15.41,scattered clouds,2021-08-18 00:13:21
489,Villa Carlos Paz,AR,-31.4241,-64.4978,71.38,55,0,1.99,clear sky,2021-08-18 00:18:18
490,Kuybysheve,UA,47.358,36.6491,68.68,64,0,6.29,clear sky,2021-08-18 00:13:21
491,Kashary,RU,49.04,41.0056,71.94,50,11,6.29,few clouds,2021-08-18 00:13:22
492,Port Macquarie,AU,-31.4333,152.9167,60.76,61,94,7.49,overcast clouds,2021-08-18 00:13:22
493,Nanortalik,GL,60.1432,-45.2371,49.06,93,100,15.79,overcast clouds,2021-08-18 00:13:22
494,Bolobo,CD,-2.1667,16.2333,73.98,82,86,5.28,overcast clouds,2021-08-18 00:13:23
495,Khandyga,RU,62.6667,135.6,64.56,69,83,7.07,broken clouds,2021-08-18 00:09:55
496,Kitgum,UG,3.2783,32.8867,64.4,91,78,0.51,broken clouds,2021-08-18 00:13:23
497,Ambon,ID,-3.6954,128.1814,78.94,89,40,9.22,scattered clouds,2021-08-18 00:09:50
498,Palmer,US,42.1584,-72.3287,75.92,67,90,3.0,overcast clouds,2021-08-18 00:13:24
499,Slave Lake,CA,55.2834,-114.769,60.04,53,42,5.57,scattered clouds,2021-08-18 00:15:07
500,Kabwe,ZM,-14.4469,28.4464,59.31,67,0,7.0,clear sky,2021-08-18 00:13:24
501,Tigzirt,DZ,36.8886,4.1198,74.66,81,15,11.74,few clouds,2021-08-18 00:13:24
502,Honiara,SB,-9.4333,159.95,84.47,72,99,3.36,overcast clouds,2021-08-18 00:13:25
503,Alugan,PH,12.2188,125.4808,79.41,88,95,3.53,light rain,2021-08-18 00:13:25
504,Port Keats,AU,-14.25,129.55,81.1,28,74,11.83,broken clouds,2021-08-18 00:13:25
505,At-Bashi,KG,41.1702,75.8106,47.62,42,0,2.46,clear sky,2021-08-18 00:13:26
506,Tyukalinsk,RU,55.8732,72.1967,59.52,72,33,7.23,scattered clouds,2021-08-18 00:13:26
507,Muros,ES,42.7762,-9.0603,64.24,75,0,14.38,clear sky,2021-08-18 00:13:27
508,Yebaishou,CN,41.3975,119.6408,69.51,72,92,4.65,overcast clouds,2021-08-18 00:13:27
509,Pervomayskiy,RU,53.2485,40.2871,69.42,70,14,6.91,few clouds,2021-08-18 00:13:27
510,Cache Creek,CA,50.8101,-121.3246,78.91,28,85,14.05,overcast clouds,2021-08-18 00:13:28
511,Hofn,IS,64.2539,-15.2082,51.82,92,85,8.95,overcast clouds,2021-08-18 00:13:28
512,Phan Thiet,VN,10.9333,108.1,79.56,74,42,3.44,scattered clouds,2021-08-18 00:19:30
513,Sao Joao Da Barra,BR,-21.6403,-41.0511,71.89,89,2,17.18,clear sky,2021-08-18 00:13:28
514,Kupang,ID,-10.1667,123.5833,81.18,69,20,13.8,few clouds,2021-08-18 00:19:29
515,Jiuquan,CN,39.7432,98.5174,71.71,39,88,4.38,overcast clouds,2021-08-18 00:13:29
516,Kondinskoye,RU,59.6481,67.41,55.18,86,2,6.85,clear sky,2021-08-18 00:13:29
517,Kropotkin,RU,45.4375,40.5756,71.4,69,3,5.5,clear sky,2021-08-18 00:13:30
518,Bandrele,YT,-12.9067,45.1914,71.35,88,0,5.75,clear sky,2021-08-18 00:13:30
519,Herat,AF,34.5,62.0,68.05,24,0,11.05,clear sky,2021-08-18 00:13:30
520,Natal,BR,-5.795,-35.2094,75.85,88,20,13.8,few clouds,2021-08-18 00:15:21
521,Lalibela,ET,12.0333,39.0333,56.82,80,100,2.21,overcast clouds,2021-08-18 00:13:31
522,Gibara,CU,21.1097,-76.1317,79.92,62,100,12.37,overcast clouds,2021-08-18 00:13:31
523,Kiunga,PG,-6.1219,141.2906,76.55,95,100,2.82,overcast clouds,2021-08-18 00:13:32
524,Shasta Lake,US,40.6804,-122.3708,94.93,15,31,1.01,scattered clouds,2021-08-18 00:13:32
525,Mago,RU,53.2514,140.1822,78.01,53,11,7.76,few clouds,2021-08-18 00:19:33
526,Sturgis,US,41.7992,-85.4192,79.05,83,40,3.44,scattered clouds,2021-08-18 00:19:33
527,Hvolsvollur,IS,63.7533,-20.2243,53.82,92,99,4.0,overcast clouds,2021-08-18 00:13:32
528,Albert,FR,50.0009,2.651,59.99,98,90,3.44,overcast clouds,2021-08-18 00:19:33
529,Manoharpur,IN,27.3,75.95,85.15,51,67,2.71,broken clouds,2021-08-18 00:13:33
530,Goya,AR,-29.14,-59.2626,76.14,45,3,5.86,clear sky,2021-08-18 00:13:33
531,Maragogi,BR,-9.0122,-35.2225,73.63,79,0,9.53,clear sky,2021-08-18 00:09:54
532,Ankazoabo,MG,-22.2833,44.5167,58.1,79,31,3.85,scattered clouds,2021-08-18 00:13:34
533,Manado,ID,1.487,124.8455,84.97,74,20,2.3,few clouds,2021-08-18 00:13:34
534,Katete,UG,-0.7818,29.7544,66.36,64,86,2.91,overcast clouds,2021-08-18 00:13:34
535,Mayo,US,38.8876,-76.5119,83.12,87,75,4.0,broken clouds,2021-08-18 00:09:45
536,Hastings,GB,50.8552,0.5729,63.28,86,100,10.11,overcast clouds,2021-08-18 00:13:35
537,Cayenne,GF,4.9333,-52.3333,83.08,80,40,3.0,scattered clouds,2021-08-18 00:15:17
538,Salinas,US,36.6777,-121.6555,82.87,67,40,13.8,scattered clouds,2021-08-18 00:13:04
539,Castelldefels,ES,41.2779,1.9703,75.09,78,40,1.99,scattered clouds,2021-08-18 00:13:36
540,Hamilton,US,39.1834,-84.5333,78.24,91,1,5.75,clear sky,2021-08-18 00:13:36
541,Lasa,IT,46.6166,10.7002,61.68,91,46,5.79,scattered clouds,2021-08-18 00:19:35
542,Pokrovsk,UA,48.282,37.1758,69.4,57,0,4.9,clear sky,2021-08-18 00:13:36
543,Middelharnis,NL,51.7575,4.1653,62.02,82,100,1.99,overcast clouds,2021-08-18 00:13:37
544,Indiaroba,BR,-11.5192,-37.5117,70.02,85,85,4.92,overcast clouds,2021-08-18 00:13:37
545,Katobu,ID,-4.9408,122.5276,79.2,79,97,5.61,overcast clouds,2021-08-18 00:19:36
546,Nagornskiy,RU,58.7731,57.5451,53.78,76,99,1.83,overcast clouds,2021-08-18 00:13:37
547,Northam,GB,51.0333,-4.2167,62.65,95,93,7.85,overcast clouds,2021-08-18 00:13:38
548,Manbij,SY,36.5281,37.9549,79.57,59,0,14.34,clear sky,2021-08-18 00:13:38
549,Makakilo City,US,21.3469,-158.0858,82.69,75,90,8.05,light rain,2021-08-18 00:10:02
550,Tatahuicapan,MX,18.2333,-94.75,88.43,79,55,4.23,broken clouds,2021-08-18 00:13:38
551,Stawell,AU,-37.05,142.7667,47.01,88,100,3.11,overcast clouds,2021-08-18 00:19:37
552,Aberdeen,GB,57.1437,-2.0981,57.81,84,90,8.05,overcast clouds,2021-08-18 00:18:54
553,Teofilo Otoni,BR,-17.8575,-41.5053,67.32,64,0,4.05,clear sky,2021-08-18 00:13:39
554,Polunochnoye,RU,60.8697,60.4153,51.69,88,48,2.91,scattered clouds,2021-08-18 00:13:39
555,Ayan,RU,56.45,138.1667,68.13,72,97,7.34,overcast clouds,2021-08-18 00:19:37
556,Capreol,CA,46.706,-80.9225,72.91,73,46,5.35,scattered clouds,2021-08-18 00:13:40
557,Magadan,RU,59.5667,150.8,55.42,96,100,3.94,light rain,2021-08-18 00:13:40
558,Izmalkovo,RU,52.6887,37.964,74.55,52,75,6.76,broken clouds,2021-08-18 00:13:40
559,Rocha,UY,-34.4833,-54.3333,53.2,91,100,4.03,overcast clouds,2021-08-18 00:13:41
560,Dudinka,RU,69.4058,86.1778,48.16,89,97,5.12,overcast clouds,2021-08-18 00:13:41
561,Yenagoa,NG,4.9247,6.2642,72.12,96,100,3.87,light rain,2021-08-18 00:19:38
562,Alofi,NU,-19.0595,-169.9187,75.13,77,58,26.82,broken clouds,2021-08-18 00:13:42
563,Villazon,BO,-22.0866,-65.5942,50.88,6,0,3.53,clear sky,2021-08-18 00:13:42
564,Tulun,RU,54.5611,100.5792,56.41,82,100,4.52,overcast clouds,2021-08-18 00:13:42
565,Dasoguz,TM,41.8363,59.9666,69.75,46,0,6.91,clear sky,2021-08-18 00:13:43
566,Viransehir,TR,37.2353,39.7631,84.52,24,0,6.22,clear sky,2021-08-18 00:13:43
567,Chalon-Sur-Saone,FR,46.7833,4.85,63.0,71,57,3.58,broken clouds,2021-08-18 00:11:03
568,Sattahip,TH,12.6664,100.9007,78.89,89,20,5.75,few clouds,2021-08-18 00:13:43
569,Khachrod,IN,23.4167,75.2833,73.44,93,100,12.37,overcast clouds,2021-08-18 00:13:44
570,Otane,NZ,-39.8833,176.6333,50.38,47,65,9.73,broken clouds,2021-08-18 00:13:44
571,Aktau,KZ,43.65,51.2,70.38,32,12,9.44,few clouds,2021-08-18 00:13:44
572,Mingshui,CN,36.7167,117.5,74.12,75,71,4.0,light rain,2021-08-18 00:13:45
573,Portland,US,45.5234,-122.6762,72.52,54,75,1.01,broken clouds,2021-08-18 00:10:34
574,Alyangula,AU,-13.8483,136.4192,79.18,63,0,9.4,clear sky,2021-08-18 00:13:45
575,Saint-Augustin,CA,51.226,-58.6502,71.85,76,99,8.9,overcast clouds,2021-08-18 00:13:46
576,Inhuma,BR,-6.6683,-41.7078,77.14,36,96,9.28,overcast clouds,2021-08-18 00:13:46
577,Mindelo,CV,16.8901,-24.9804,74.43,86,38,3.29,scattered clouds,2021-08-18 00:13:47
578,Montepuez,MZ,-13.1256,38.9997,63.07,92,2,5.46,clear sky,2021-08-18 00:13:47
579,Keetmanshoop,NA,-26.5833,18.1333,48.42,59,0,7.94,clear sky,2021-08-18 00:13:47
580,Coahuayana,MX,18.7333,-103.6833,87.28,79,74,4.59,broken clouds,2021-08-18 00:19:41
581,Changji,CN,44.0167,87.3167,63.39,67,0,6.71,clear sky,2021-08-18 00:13:48
582,Zenzeli,RU,45.9241,47.0474,75.0,48,75,8.08,broken clouds,2021-08-18 00:13:48
583,Cururupu,BR,-1.8283,-44.8683,74.95,89,19,4.16,few clouds,2021-08-18 00:13:48
584,Jumla,NP,29.2747,82.1838,61.12,89,80,0.51,broken clouds,2021-08-18 00:15:07
585,Andra,RU,62.5147,65.8878,49.59,89,8,5.1,clear sky,2021-08-18 00:12:10
586,Viedma,AR,-40.8135,-62.9967,54.59,35,81,9.15,broken clouds,2021-08-18 00:19:42
587,Barda,AZ,40.3744,47.1267,72.0,42,36,4.72,scattered clouds,2021-08-18 00:13:49
588,Taos,US,36.4072,-105.5731,84.72,24,1,1.99,clear sky,2021-08-18 00:13:49
589,Saijo,JP,33.9167,133.1833,75.34,90,100,3.42,light rain,2021-08-18 00:13:50
590,Szczecinek,PL,53.7079,16.6994,56.46,82,100,15.82,overcast clouds,2021-08-18 00:13:50
591,Ixtapa,MX,20.7,-105.2,81.63,89,90,4.61,overcast clouds,2021-08-18 00:13:50
592,Thinadhoo,MV,0.5333,72.9333,81.5,73,100,9.13,overcast clouds,2021-08-18 00:19:42
593,Sydney,AU,-33.8679,151.2073,61.81,61,20,1.99,few clouds,2021-08-18 00:10:14
594,Guaranesia,BR,-21.2992,-46.8025,69.93,45,38,3.89,scattered clouds,2021-08-18 00:13:51
595,Los Llanos De Aridane,ES,28.6585,-17.9182,76.75,54,0,13.8,clear sky,2021-08-18 00:13:52
596,Tingo Maria,PE,-9.2895,-76.0088,76.06,74,40,1.52,scattered clouds,2021-08-18 00:13:52
597,Pontivy,FR,48.0,-3.0,59.58,94,23,5.61,few clouds,2021-08-18 00:13:52
598,Ust-Ilimsk,RU,58.0006,102.6619,55.6,92,38,3.06,scattered clouds,2021-08-18 00:12:11
599,San Juan,AR,-31.5375,-68.5364,65.19,26,0,2.55,clear sky,2021-08-18 00:10:30
600,Talnakh,RU,69.4865,88.3972,48.31,95,100,8.52,light rain,2021-08-18 00:13:53
601,Minchinabad,PK,30.163,73.5685,87.51,37,0,4.0,clear sky,2021-08-18 00:13:53
602,Hengshui,CN,37.7322,115.7011,72.3,79,81,3.2,light rain,2021-08-18 00:13:53
603,Prieska,ZA,-29.6641,22.7474,46.6,31,0,2.42,clear sky,2021-08-18 00:13:54
604,Broome,US,42.2506,-75.833,75.88,92,20,7.0,few clouds,2021-08-18 00:13:54
605,Ponta Delgada,PT,37.7333,-25.6667,70.52,83,20,5.75,few clouds,2021-08-18 00:19:44
606,Formosa,AR,-26.1775,-58.1781,80.58,57,0,6.91,clear sky,2021-08-18 00:13:55
607,Orcopampa,PE,-15.2661,-72.3417,48.83,36,59,4.0,broken clouds,2021-08-18 00:13:55
608,Joetsu,JP,37.1483,138.2364,81.41,74,100,3.78,overcast clouds,2021-08-18 00:13:56
609,Karlskrona,SE,56.1616,15.5866,57.65,94,73,18.61,broken clouds,2021-08-18 00:13:56
610,Sao Felix Do Xingu,BR,-6.6447,-51.995,76.24,38,15,2.42,few clouds,2021-08-18 00:13:56
611,Aden,YE,12.7794,45.0367,84.97,71,46,7.43,scattered clouds,2021-08-18 00:18:35
612,Novoagansk,RU,61.9449,76.6625,58.03,96,100,7.36,light rain,2021-08-18 00:13:57
613,Celestun,MX,20.8667,-90.4,84.87,70,13,15.43,few clouds,2021-08-18 00:13:57
614,Itainopolis,BR,-7.4469,-41.4783,79.43,34,100,8.77,overcast clouds,2021-08-18 00:13:57
615,Walvis Bay,NA,-22.9575,14.5053,50.09,74,0,8.46,clear sky,2021-08-18 00:13:58
616,Mackay,AU,-21.15,149.2,74.05,57,0,12.97,clear sky,2021-08-18 00:13:58
617,Yatou,CN,37.15,122.3833,75.22,77,1,5.17,clear sky,2021-08-18 00:19:46
618,Ahipara,NZ,-35.1667,173.1667,57.16,69,57,16.35,broken clouds,2021-08-18 00:19:46
619,Roald,NO,62.5833,6.1333,57.0,82,20,9.22,few clouds,2021-08-18 00:13:59
620,Porto Belo,BR,-27.1578,-48.5531,65.79,94,1,6.82,clear sky,2021-08-18 00:13:59
621,Nyurba,RU,63.2842,118.3319,49.77,98,100,2.73,overcast clouds,2021-08-18 00:13:59
622,Codrington,AU,-38.2667,141.9667,50.23,84,100,7.9,overcast clouds,2021-08-18 00:19:47
623,Haines Junction,CA,60.7522,-137.5108,66.15,32,77,4.61,broken clouds,2021-08-18 00:19:47
624,Necochea,AR,-38.5473,-58.7368,52.03,57,99,5.59,overcast clouds,2021-08-18 00:16:32
625,Konevo,RU,62.1215,39.3192,57.54,97,99,6.38,overcast clouds,2021-08-18 00:14:00
626,West Bay,KY,19.3667,-81.4167,84.0,77,96,7.0,overcast clouds,2021-08-18 00:14:01
627,Chapais,CA,49.7834,-74.8492,72.77,55,4,5.97,clear sky,2021-08-18 00:14:01
628,Yeppoon,AU,-23.1333,150.7333,67.78,53,64,7.94,broken clouds,2021-08-18 00:14:01
629,Mitsamiouli,KM,-11.3847,43.2844,75.13,76,12,7.61,few clouds,2021-08-18 00:19:48
630,Yershichi,RU,53.6725,32.7542,62.22,97,58,3.56,light rain,2021-08-18 00:14:02
631,Lamu,KE,-2.2717,40.902,73.62,81,22,14.85,few clouds,2021-08-18 00:14:02
632,Nouadhibou,MR,20.931,-17.0347,75.18,94,0,6.91,clear sky,2021-08-18 00:19:49
633,Marly,FR,50.3456,3.5496,60.04,98,100,6.38,overcast clouds,2021-08-18 00:14:02
634,Beyneu,KZ,45.3167,55.2,82.29,24,3,11.5,clear sky,2021-08-18 00:19:49
635,Anori,BR,-3.7728,-61.6442,81.9,60,81,2.64,broken clouds,2021-08-18 00:14:03
636,Lapusnicel,RO,44.9831,22.2269,54.36,96,64,6.78,broken clouds,2021-08-18 00:14:03
637,Dubovskoye,RU,47.4092,42.7575,72.82,40,19,7.52,few clouds,2021-08-18 00:14:04
638,Baruun-Urt,MN,46.6806,113.2792,67.66,51,100,10.18,overcast clouds,2021-08-18 00:19:50
639,Khorinsk,RU,52.1657,109.7726,58.15,98,100,3.8,heavy intensity rain,2021-08-18 00:14:04
640,Agadez,NE,19.75,10.25,86.38,36,89,9.55,overcast clouds,2021-08-18 00:19:50
641,Istanbul,TR,41.0351,28.9833,77.07,83,0,8.05,clear sky,2021-08-18 00:12:27
642,Ketchikan,US,55.3422,-131.6461,62.29,59,100,3.69,overcast clouds,2021-08-18 00:14:05
643,Dovolnoye,RU,54.4958,79.6671,59.5,73,74,0.47,broken clouds,2021-08-18 00:14:05
644,Dubai,AE,25.2582,55.3047,96.22,58,0,12.66,clear sky,2021-08-18 00:14:05
645,Oderzo,IT,45.7882,12.5019,69.8,66,97,6.67,overcast clouds,2021-08-18 00:14:06
646,Istok,XK,42.7808,20.4875,63.52,91,22,4.09,few clouds,2021-08-18 00:19:51
647,Gainesville,US,29.6516,-82.3248,85.08,90,75,4.61,mist,2021-08-18 00:09:56
648,Malmesbury,ZA,-33.4608,18.7271,54.79,92,100,4.27,overcast clouds,2021-08-18 00:14:06
649,Ostrovnoy,RU,68.0531,39.5131,51.93,88,100,4.47,overcast clouds,2021-08-18 00:14:07
650,Wajima,JP,37.4,136.9,74.16,93,100,16.26,light rain,2021-08-18 00:14:07
651,Caluquembe,AO,-13.7833,14.6833,59.63,27,2,2.21,clear sky,2021-08-18 00:14:07
652,Arona,ES,28.0996,-16.681,84.11,19,0,33.38,clear sky,2021-08-18 00:14:08
653,Banes,CU,20.9625,-75.7186,79.41,67,100,6.31,overcast clouds,2021-08-18 00:14:08
654,Touros,BR,-5.1989,-35.4608,75.16,80,5,19.77,clear sky,2021-08-18 00:14:09
655,Sistranda,NO,63.7256,8.834,52.9,83,70,10.94,broken clouds,2021-08-18 00:19:52
656,Breves,BR,-1.6822,-50.4803,76.89,74,49,3.24,scattered clouds,2021-08-18 00:14:09
657,Barcelos,PT,41.5388,-8.6151,71.85,58,0,5.48,clear sky,2021-08-18 00:14:09
658,La Paz,BO,-16.5,-68.15,51.78,23,20,5.75,few clouds,2021-08-18 00:13:51
659,Parabel,RU,58.6978,81.4825,55.56,87,18,6.98,few clouds,2021-08-18 00:14:10
660,Berbera,SO,10.4396,45.0143,91.99,36,22,26.71,few clouds,2021-08-18 00:14:10
661,George Town,MY,5.4112,100.3354,76.93,91,20,0.0,few clouds,2021-08-18 00:11:16
662,San Julian,MX,21.0167,-102.1667,73.76,61,15,6.04,few clouds,2021-08-18 00:14:11
663,Nizhniy Kuranakh,RU,58.8353,125.4869,61.18,72,52,10.78,broken clouds,2021-08-18 00:12:14
664,Mareeba,AU,-17.0,145.4333,74.48,63,10,7.29,clear sky,2021-08-18 00:14:11
665,Cimarron Hills,US,38.8586,-104.6989,89.44,23,75,13.8,broken clouds,2021-08-18 00:14:11
666,Aranos,NA,-24.1333,19.1167,52.18,23,0,4.92,clear sky,2021-08-18 00:14:12
667,Kalianget,ID,-7.05,113.9333,81.25,74,86,13.44,overcast clouds,2021-08-18 00:14:12
668,Andenes,NO,69.3143,16.1194,49.98,87,75,14.97,broken clouds,2021-08-18 00:19:53
669,Eureka,US,40.8021,-124.1637,76.68,70,50,10.0,scattered clouds,2021-08-18 00:14:12
670,Skjervoy,NO,70.0311,20.9714,50.31,80,51,5.1,broken clouds,2021-08-18 00:19:54
671,Daule,EC,-1.865,-79.9792,75.72,72,96,5.61,overcast clouds,2021-08-18 00:14:13
672,Wattegama,LK,6.7989,81.4808,75.87,73,100,8.75,overcast clouds,2021-08-18 00:14:13
673,The Valley,AI,18.217,-63.0578,84.06,79,3,16.69,clear sky,2021-08-18 00:19:54
674,Huejuquilla El Alto,MX,22.6,-103.8667,75.31,57,74,4.88,broken clouds,2021-08-18 00:14:14
675,Teahupoo,PF,-17.8333,-149.2667,76.96,88,20,26.13,light rain,2021-08-18 00:14:14
676,Conakry,GN,9.538,-13.6773,78.06,84,100,9.93,moderate rain,2021-08-18 00:14:15
677,Dillon,US,34.4166,-79.3712,82.36,87,100,10.6,overcast clouds,2021-08-18 00:14:15
678,Narodychi,UA,51.2029,29.0823,59.72,94,100,5.75,light rain,2021-08-18 00:14:15
679,Kobe,JP,34.6913,135.183,76.68,93,100,19.06,overcast clouds,2021-08-18 00:14:16
680,Orel-Izumrud,RU,43.4583,39.9244,69.82,94,0,6.71,clear sky,2021-08-18 00:14:16
681,Takoradi,GH,4.8845,-1.7554,74.97,85,72,8.61,broken clouds,2021-08-18 00:19:55
682,Ternovka,RU,51.678,41.6375,71.22,61,39,4.12,scattered clouds,2021-08-18 00:14:16
683,Okhotsk,RU,59.3833,143.3,64.26,80,2,3.69,clear sky,2021-08-18 00:19:56
684,Svobodnyy,RU,51.4,128.1333,69.6,78,96,5.17,overcast clouds,2021-08-18 00:14:17
685,Demmin,DE,53.9076,13.0314,59.38,84,84,18.21,broken clouds,2021-08-18 00:14:17
686,Yamada,JP,39.4667,141.95,74.37,97,100,13.56,light rain,2021-08-18 00:14:18
687,Wahiawa,US,21.5028,-158.0236,80.87,83,92,3.44,light rain,2021-08-18 00:14:18
688,Bell Ville,AR,-32.6259,-62.6887,65.66,68,4,7.85,clear sky,2021-08-18 00:11:20
689,Olinda,BR,-8.0089,-34.8553,73.96,81,3,12.55,clear sky,2021-08-18 00:14:18
690,Tamworth,GB,52.634,-1.6959,61.79,89,100,5.01,overcast clouds,2021-08-18 00:12:31
691,Hirara,JP,24.8,125.2833,84.47,89,75,8.05,broken clouds,2021-08-18 00:19:57
692,Novoanninskiy,RU,50.5287,42.6747,70.97,63,8,5.57,clear sky,2021-08-18 00:14:19
693,Waingapu,ID,-9.6567,120.2641,79.14,71,64,12.57,broken clouds,2021-08-18 00:14:19
694,Galle,LK,6.0367,80.217,77.67,87,100,11.43,overcast clouds,2021-08-18 00:14:20
695,Namatanai,PG,-3.6667,152.4333,84.27,61,31,4.12,scattered clouds,2021-08-18 00:19:58
696,Manitouwadge,CA,49.1215,-85.8403,70.54,59,0,10.2,clear sky,2021-08-18 00:14:20
697,Spirit River,CA,55.7833,-118.8361,68.76,30,7,4.36,clear sky,2021-08-18 00:14:21
698,Longkou,CN,37.6508,120.3286,75.2,79,81,14.32,broken clouds,2021-08-18 00:14:21
699,Ciudad Bolivar,VE,8.1222,-63.5497,78.08,87,99,9.19,overcast clouds,2021-08-18 00:14:22
700,Meadow Lake,US,34.8014,-106.5436,89.69,27,6,8.34,clear sky,2021-08-18 00:14:22
701,Hecelchakan,MX,20.1667,-90.1333,87.08,35,16,4.23,few clouds,2021-08-18 00:14:22
702,Bonavista,CA,48.6499,-53.1147,70.12,72,100,12.03,overcast clouds,2021-08-18 00:19:59
703,Kutum,SD,14.2,24.6667,79.43,43,55,8.43,broken clouds,2021-08-18 00:14:23
704,Koungheul,SN,13.9833,-14.8,75.04,95,99,7.72,overcast clouds,2021-08-18 00:14:23
705,San Carlos De Bariloche,AR,-41.1456,-71.3082,37.62,97,95,6.49,light rain,2021-08-18 00:14:23
706,Lisakovsk,KZ,52.5369,62.4936,70.45,47,76,4.54,broken clouds,2021-08-18 00:14:24
707,Ranong,TH,9.9658,98.6348,79.02,82,80,3.49,broken clouds,2021-08-18 00:14:24
708,Usinsk,RU,65.9939,57.5281,48.97,82,100,5.55,overcast clouds,2021-08-18 00:14:24
709,Huancavelica,PE,-12.7667,-74.9833,42.42,67,71,5.7,broken clouds,2021-08-18 00:14:25
710,Burlington,US,39.8835,-74.6413,79.83,85,1,3.0,clear sky,2021-08-18 00:10:16
711,Scarborough,GB,54.2797,-0.4044,60.62,88,83,1.01,broken clouds,2021-08-18 00:13:27
